order_id,customer_id,shipper_id,product_id,quantity,car_price,order_date,ship_date,discount,ship_mode,shipping,customer_feedback,quarter_number
10237-833,55154-1385,1617,4383,1,92186.18,1/1/2018,3/4/2018,0.6,First Class,Air,Bad,1
22700-134,52125-774,3199,3513,2,71183.23,1/1/2018,1/26/2018,0.69,Same Day,Truck,Very Good,1
39822-4200,10157-9875,1046,4520,1,82108.12,1/1/2018,5/1/2018,0.56,Second Class,Air,Okay,1
49349-206,46123-039,3532,3616,2,96497.56,1/1/2018,4/3/2018,0.68,Same Day,Air,Good,1
51389-255,40042-050,3047,4700,1,96090.34,1/1/2018,2/18/2018,0.66,Same Day,Air,Good,1
63304-590,42043-171,2453,4880,2,76200.97,1/1/2018,1/31/2018,0.63,Same Day,Truck,Good,1
0228-2801,98132-728,1061,4372,2,96579.16,2/1/2018,3/17/2018,0.62,Same Day,Truck,Bad,1
49349-361,48951-1035,1519,4897,1,90756.74,2/1/2018,2/2/2018,0.41,Standard Class,Air,Very Good,1
0069-0079,52033-001,3857,3828,1,87162.3,3/1/2018,5/1/2018,0.6,First Class,Air,Bad,1
0498-0015,61314-294,2681,4949,2,87985.16,3/1/2018,3/17/2018,0.48,Second Class,Air,Good,1
0615-7565,61336-001,1513,4504,1,93570.85,3/1/2018,5/5/2018,0.45,Standard Class,Truck,Okay,1
36987-1677,50458-194,1857,3550,1,75445.54,3/1/2018,4/27/2018,0.55,Same Day,Air,Good,1
58232-0721,36987-3360,3783,4585,1,81766.6,3/1/2018,5/15/2018,0.65,Second Class,Truck,Bad,1
0135-0504,55154-3437,3465,3796,1,95030.52,2/1/2018,5/1/2018,0.58,Same Day,Truck,Good,1
0168-0309,55319-619,1517,3765,2,71241.16,2/1/2018,4/5/2018,0.65,Second Class,Truck,Okay,1
36987-1667,0002-4115,3518,3966,2,94304.16,2/1/2018,5/27/2018,0.54,Second Class,Air,Very Good,1
43857-0030,24236-063,1563,3777,1,76446.29,2/1/2018,5/30/2018,0.69,Same Day,Truck,Very Good,1
51442-543,43857-0150,2215,4688,1,88633.4,2/1/2018,5/13/2018,0.65,Standard Class,Truck,Okay,1
54473-241,76439-273,1355,4179,2,76875.97,2/1/2018,4/4/2018,0.4,Second Class,Truck,Very Good,1
54868-5002,54575-348,1153,3978,1,93102.86,2/1/2018,4/27/2018,0.41,First Class,Truck,Okay,1
59779-949,0067-2039,3855,4572,2,99884.33,2/1/2018,5/30/2018,0.61,Same Day,Air,Good,1
67345-0681,48256-0011,1538,4583,2,77641.54,2/1/2018,4/3/2018,0.46,Same Day,Air,Very Good,1
68151-1020,63824-750,1294,3822,1,71744.46,2/1/2018,5/26/2018,0.41,Second Class,Truck,Very Good,1
42411-041,0641-6068,3782,4027,1,84397.46,2/1/2018,5/25/2018,0.63,Second Class,Truck,Good,1
49580-0390,35356-251,3687,4690,1,75847.61,2/1/2018,5/2/2018,0.6,Second Class,Air,Very Good,1
54868-5581,48951-1191,1787,4158,1,94440.35,1/1/2018,5/3/2018,0.56,Standard Class,Air,Okay,1
13537-110,30142-001,1425,4367,2,70410.7,3/1/2018,5/5/2018,0.63,Same Day,Truck,Very Good,1
55154-6270,42291-897,3780,4939,1,72679.62,1/13/2018,2/17/2018,0.5,Standard Class,Truck,Good,1
55312-332,66116-402,2786,4815,2,88576.34,1/13/2018,3/29/2018,0.51,First Class,Truck,Okay,1
55312-994,52915-070,3660,4012,2,82400.05,1/13/2018,4/6/2018,0.42,First Class,Truck,Good,1
60432-741,46122-500,3339,4837,1,91370.21,1/13/2018,2/17/2018,0.49,Second Class,Air,Good,1
44924-013,11673-165,2917,3688,2,83154.71,1/14/2018,1/15/2018,0.63,Standard Class,Truck,Very Good,1
458802-283,60512-2015,1903,4095,1,89872.32,1/14/2018,1/17/2018,0.59,First Class,Truck,Very Good,1
49281-650,37205-715,3327,4805,1,99459.69,1/14/2018,4/5/2018,0.5,Same Day,Truck,Good,1
62011-0225,11673-977,2954,3539,2,82570.38,1/14/2018,4/19/2018,0.47,First Class,Truck,Okay,1
0517-3415,51672-4111,3646,4249,2,91463.61,1/15/2018,5/18/2018,0.5,Same Day,Truck,Okay,1
57520-0360,53877-006,2984,4419,1,95805.39,1/15/2018,4/3/2018,0.66,First Class,Air,Good,1
64117-979,42254-305,2036,4226,2,95809.16,1/15/2018,4/3/2018,0.51,Same Day,Air,Good,1
0615-0828,0008-1123,1619,4395,2,82539.45,1/16/2018,2/15/2018,0.54,First Class,Air,Okay,1
10056-060,10702-018,3497,4916,1,75802.65,1/16/2018,4/5/2018,0.65,Standard Class,Truck,Very Good,1
21695-900,52862-201,1393,4090,2,80356.64,1/16/2018,2/20/2018,0.45,Same Day,Air,Very Good,1
53808-0251,65862-599,1565,3803,1,98136.58,1/16/2018,4/26/2018,0.69,Standard Class,Truck,Very Good,1
605012-1035,53808-0347,3527,3617,2,77704.86,1/16/2018,5/2/2018,0.56,First Class,Air,Good,1
63629-5233,69243-0610,2746,3644,1,74099.22,1/16/2018,5/5/2018,0.62,Same Day,Air,Good,1
0597-0001,0168-0151,1372,4923,2,73193.58,1/17/2018,5/16/2018,0.44,Second Class,Air,Good,1
55301-619,55315-455,2940,4142,2,77400.3,1/17/2018,2/17/2018,0.6,Same Day,Truck,Good,1
60512-6350,55154-1855,2535,3739,2,90876.65,1/17/2018,2/21/2018,0.55,Same Day,Air,Good,1
21695-223,63868-926,1634,4122,2,89305.88,1/18/2018,4/3/2018,0.65,Second Class,Air,Okay,1
30142-313,0135-0505,2793,4322,1,77381.95,1/18/2018,2/2/2018,0.43,Second Class,Air,Good,1
43857-0292,68788-9178,2012,4617,2,85814.14,1/18/2018,4/23/2018,0.45,Second Class,Air,Very Good,1
49884-650,52544-044,3416,3717,2,74178.21,1/18/2018,2/18/2018,0.62,First Class,Air,Very Good,1
54868-4381,63187-087,1213,3855,2,84393.05,1/18/2018,4/5/2018,0.55,First Class,Truck,Very Good,1
76509-800,68084-734,1295,4831,2,71216.43,1/18/2018,3/3/2018,0.55,Second Class,Air,Okay,1
0093-0248,0378-5504,1845,3758,1,70695.34,1/19/2018,2/23/2018,0.59,First Class,Air,Okay,1
36987-2194,42627-257,3227,3859,1,75319.61,1/19/2018,3/2/2018,0.47,Same Day,Truck,Very Good,1
43419-803,50458-515,3577,3680,1,93503.66,1/19/2018,3/31/2018,0.47,Standard Class,Truck,Good,1
54575-943,41163-156,1942,3853,2,98095.32,1/19/2018,4/6/2018,0.52,Second Class,Air,Very Good,1
62296-0021,0054-0435,2244,3841,2,80545.67,1/19/2018,2/23/2018,0.46,Same Day,Air,Good,1
63255-011,42281-003,3513,3724,1,97146.29,1/19/2018,4/23/2018,0.5,Same Day,Truck,Good,1
65903-247,47593-359,1856,4843,1,98341.07,1/19/2018,5/5/2018,0.63,Second Class,Air,Okay,1
68703-100,55111-697,3621,4531,2,99748.1,1/19/2018,2/23/2018,0.68,Same Day,Truck,Very Good,1
10477-2627,61715-108,2740,4454,2,89876.84,1/20/2018,3/29/2018,0.44,Standard Class,Air,Good,1
11673-407,55154-5089,3377,4819,1,91914.23,1/20/2018,5/3/2018,0.48,Second Class,Air,Good,1
50970-003,35356-301,2208,4386,2,89652.08,1/20/2018,5/29/2018,0.59,First Class,Air,Very Good,1
51655-439,64159-7693,3239,3706,1,79900.39,1/20/2018,1/30/2018,0.45,First Class,Air,Okay,1
0074-4341,0023-4385,1504,4112,1,97842.92,1/21/2018,4/5/2018,0.6,Same Day,Truck,Good,1
0781-6135,68026-544,1989,4726,1,80030.14,1/21/2018,4/6/2018,0.59,Standard Class,Truck,Okay,1
36800-366,0456-3407,2836,3838,2,71516.69,1/21/2018,4/2/2018,0.52,First Class,Air,Very Good,1
36987-3172,42291-886,3321,4937,1,95810.29,1/21/2018,4/4/2018,0.59,Second Class,Truck,Good,1
52125-245,36987-1607,1142,4073,1,90567.48,1/21/2018,2/13/2018,0.65,Same Day,Truck,Very Good,1
52862-008,49349-272,2211,3885,2,70032.15,1/21/2018,5/4/2018,0.47,Second Class,Air,Good,1
54868-6162,49825-119,1480,4245,2,85618.66,1/21/2018,5/17/2018,0.52,Second Class,Truck,Good,1
52183-369,37808-008,1182,4613,1,78407.47,1/22/2018,2/14/2018,0.51,Standard Class,Air,Good,1
55289-390,36987-3362,3888,3850,2,99513.84,1/22/2018,5/4/2018,0.48,First Class,Truck,Good,1
10191-1569,59970-051,1928,4232,1,72361.16,1/23/2018,4/5/2018,0.55,First Class,Truck,Very Good,1
35000-586,60429-981,1541,4948,2,79109.5,1/23/2018,2/6/2018,0.51,Standard Class,Truck,Okay,1
43419-024,47593-458,3128,3979,1,72196.97,1/23/2018,5/4/2018,0.42,Second Class,Air,Good,1
44567-802,69075-001,2280,4968,2,81918.92,1/23/2018,5/28/2018,0.55,First Class,Truck,Okay,1
50436-9973,68382-027,2072,3875,2,72482.47,1/23/2018,3/3/2018,0.49,Standard Class,Truck,Very Good,1
50988-177,0173-0772,3641,3990,1,93623.26,1/23/2018,5/30/2018,0.5,Standard Class,Truck,Good,1
54868-5846,10742-8223,2097,3544,1,92888.62,1/23/2018,3/28/2018,0.4,Standard Class,Truck,Good,1
55154-4959,55714-4520,1827,4964,1,86241.63,1/23/2018,3/3/2018,0.48,Same Day,Air,Very Good,1
60505-2539,68382-112,3692,3592,2,74932.59,1/23/2018,4/5/2018,0.69,Same Day,Truck,Very Good,1
68428-035,10477-0809,3606,4418,2,97330.31,1/23/2018,2/26/2018,0.55,First Class,Truck,Okay,1
24909-111,31722-328,3834,3589,2,88383.68,1/24/2018,3/16/2018,0.54,Same Day,Truck,Very Bad,1
51672-4030,49999-598,2007,4883,1,71297.03,1/24/2018,4/29/2018,0.6,Standard Class,Air,Bad,1
53808-0349,23155-141,2580,4488,1,71890.78,1/24/2018,5/31/2018,0.43,Standard Class,Air,Good,1
0781-3136,63517-101,1607,3902,1,71575.52,1/25/2018,3/3/2018,0.4,First Class,Air,Okay,1
50436-9803,63629-3279,1841,4639,2,72289.11,1/25/2018,4/26/2018,0.6,Same Day,Truck,Bad,1
55621-007,63629-5094,1178,4600,2,71938.64,1/25/2018,4/3/2018,0.65,First Class,Air,Bad,1
14720-372,63010-011,2590,4236,1,93200,1/26/2018,2/5/2018,0.45,Second Class,Truck,Okay,1
55315-189,50573-3560,1714,4879,1,95824.89,1/26/2018,4/23/2018,0.62,Second Class,Truck,Bad,1
0378-9104,13537-110,2998,3594,2,86064.2,1/27/2018,4/26/2018,0.66,Second Class,Air,Okay,1
43063-025,61919-178,2420,3862,2,85839.34,1/27/2018,4/14/2018,0.41,Standard Class,Truck,Bad,1
54868-5768,0268-6635,3988,4989,2,94176.17,1/27/2018,4/2/2018,0.51,Same Day,Truck,Very Bad,1
55154-6637,0093-7304,3003,4620,1,87786.93,1/27/2018,2/4/2018,0.52,First Class,Truck,Okay,1
63783-403,0440-1385,1719,4658,2,75584.52,1/27/2018,3/30/2018,0.59,First Class,Truck,Good,1
64117-250,58118-1260,3224,4994,1,95746.33,1/27/2018,2/2/2018,0.55,Standard Class,Air,Good,1
0406-0367,68258-3032,1963,3520,1,75520.02,1/28/2018,4/2/2018,0.62,Second Class,Truck,Very Bad,1
21695-133,61715-028,2138,3709,2,89332.77,1/28/2018,3/26/2018,0.67,Second Class,Truck,Very Good,1
51389-107,24488-032,3561,4763,2,88807.03,1/28/2018,2/19/2018,0.55,Standard Class,Truck,Very Good,1
55316-249,35356-844,3454,3590,2,97959.34,1/28/2018,3/4/2018,0.68,Standard Class,Air,Okay,1
59667-0071,55111-728,1456,4675,1,95666.22,1/28/2018,3/21/2018,0.6,Second Class,Truck,Okay,1
63824-303,63629-5191,3344,3795,2,87225.58,1/28/2018,5/31/2018,0.51,First Class,Truck,Good,1
0603-4979,51393-7336,3009,3854,1,81965.27,1/29/2018,4/6/2018,0.58,Standard Class,Air,Good,1
13537-148,10819-5808,1962,3732,1,99371.9,1/29/2018,2/22/2018,0.54,Second Class,Air,Good,1
68001-133,52685-454,3618,4137,1,81770.15,1/29/2018,2/24/2018,0.63,Second Class,Truck,Good,1
0067-6025,36987-2792,1996,3844,2,79523.75,1/30/2018,5/3/2018,0.41,Same Day,Truck,Good,1
10812-094,55289-251,2612,3564,2,81330.27,1/30/2018,5/3/2018,0.63,Standard Class,Truck,Good,1
15127-258,68135-020,2346,4121,1,91259.07,1/30/2018,5/21/2018,0.48,Second Class,Truck,Good,1
65862-288,51861-010,1308,3904,1,97909.75,1/30/2018,5/3/2018,0.4,Same Day,Truck,Very Good,1
66288-1300,0641-0948,3373,4865,2,70958.45,1/30/2018,4/6/2018,0.7,Standard Class,Air,Very Good,1
68084-713,55910-664,3949,4065,2,88236.71,1/30/2018,5/3/2018,0.51,Second Class,Air,Very Good,1
0615-7667,58474-010,2475,4269,1,94649.77,1/31/2018,5/3/2018,0.41,Second Class,Truck,Good,1
33261-342,36987-1519,3117,3511,2,85502,1/31/2018,4/25/2018,0.46,First Class,Air,Good,1
42192-353,58232-0702,2685,3922,1,74841.18,1/31/2018,2/23/2018,0.54,Second Class,Air,Good,1
50383-063,67296-0470,2450,4497,2,70663.32,1/31/2018,5/5/2018,0.48,First Class,Air,Very Good,1
54868-0113,49349-472,1846,4958,1,99894.62,1/31/2018,5/21/2018,0.45,Same Day,Air,Good,1
55154-9420,75940-122,3547,3824,1,95225.15,1/31/2018,3/4/2018,0.6,Standard Class,Air,Very Good,1
57520-0332,57237-025,3825,4443,2,88024.28,1/31/2018,4/23/2018,0.43,Second Class,Truck,Good,1
55289-463,43458-1004,1495,4860,1,70356.7,1/2/2018,2/23/2018,0.56,Second Class,Truck,Very Good,1
64024-970,12830-739,1279,3936,2,86524.22,1/2/2018,4/3/2018,0.6,Second Class,Air,Good,1
68788-9204,0054-8181,1537,4810,2,85805.16,1/2/2018,2/26/2018,0.55,Standard Class,Air,Good,1
75857-1100,55301-411,1628,4872,2,86869.83,1/2/2018,5/2/2018,0.47,Second Class,Air,Good,1
0591-3964,43857-0023,2234,3970,1,79667.59,2/2/2018,5/22/2018,0.44,Second Class,Truck,Very Good,1
0615-1311,55550-102,3206,4340,1,98996.09,2/2/2018,5/3/2018,0.53,Standard Class,Air,Very Good,1
41250-299,0113-0425,1874,3545,1,94720.55,2/2/2018,5/2/2018,0.56,First Class,Truck,Okay,1
42858-302,62839-2810,1274,4339,2,93545.81,2/2/2018,2/14/2018,0.45,First Class,Truck,Okay,1
21130-002,51785-514,1095,3865,1,96891.24,3/2/2018,3/15/2018,0.41,Same Day,Air,Very Good,1
49527-801,0462-0264,2818,3993,1,86250.64,3/2/2018,3/27/2018,0.47,Second Class,Air,Good,1
51672-4050,55150-125,2033,4258,2,98021.32,3/2/2018,5/4/2018,0.68,First Class,Truck,Bad,1
59779-324,68016-081,1249,4982,1,86136.57,3/2/2018,4/2/2018,0.53,Second Class,Truck,Very Bad,1
67457-238,65923-703,1282,4626,1,78605.76,3/2/2018,4/3/2018,0.64,Standard Class,Truck,Okay,1
68428-158,0002-7597,2265,3663,1,89007.64,3/2/2018,5/5/2018,0.4,First Class,Air,Very Bad,1
10267-3852,0485-0096,3962,4125,2,82403.57,2/2/2018,5/18/2018,0.45,First Class,Air,Bad,1
33992-0054,61047-817,3329,4920,2,88970.78,2/2/2018,5/3/2018,0.62,First Class,Air,Bad,1
49288-0456,67938-1397,2333,3932,2,80128.82,2/2/2018,5/3/2018,0.52,First Class,Air,Good,1
49348-920,51143-296,3990,4922,1,89597.91,2/2/2018,5/3/2018,0.53,First Class,Truck,Very Bad,1
53329-089,49349-892,3619,3887,1,96551.74,3/2/2018,5/2/2018,0.54,Second Class,Truck,Very Bad,1
59547-310,64117-228,3615,3582,1,75880.16,3/2/2018,5/27/2018,0.46,First Class,Truck,Okay,1
24236-608,0067-4870,2017,4661,2,99371.71,2/2/2018,3/3/2018,0.45,First Class,Air,Good,1
24488-021,68391-517,1336,4146,2,70649.36,2/2/2018,3/3/2018,0.51,Standard Class,Air,Very Good,1
33261-825,63187-181,2347,3825,2,94137.05,2/2/2018,5/17/2018,0.53,First Class,Truck,Very Bad,1
54575-349,55316-478,1654,4595,1,95285.04,2/2/2018,5/6/2018,0.59,Same Day,Truck,Okay,1
66915-613,65321-515,3144,4094,2,89511.02,2/2/2018,5/14/2018,0.67,Same Day,Air,Very Bad,1
0591-3221,50484-303,2517,4576,1,84615.65,3/2/2018,5/2/2018,0.59,Standard Class,Air,Very Good,1
0228-3504,44717-536,3811,4888,2,81880.62,1/2/2018,4/16/2018,0.48,Same Day,Air,Good,1
61699-0047,10812-421,1412,3953,2,77704.42,1/2/2018,4/2/2018,0.65,Same Day,Air,Very Good,1
66758-054,30142-406,2568,4381,1,94195.57,1/2/2018,3/3/2018,0.53,Same Day,Air,Good,1
0699-5728,67457-594,2682,4752,1,79477.32,2/13/2018,5/3/2018,0.42,Standard Class,Truck,Good,1
42507-247,65162-642,1743,4222,1,93184.24,2/13/2018,3/6/2018,0.66,Second Class,Truck,Bad,1
48951-7116,54312-325,2409,4806,2,86174.22,2/13/2018,2/20/2018,0.57,Second Class,Truck,Very Bad,1
55319-504,68639-0001,1208,4020,1,84622.88,2/13/2018,3/20/2018,0.47,Same Day,Air,Okay,1
55714-2203,16590-080,1953,4839,1,82631.63,2/13/2018,4/23/2018,0.44,Standard Class,Air,Very Bad,1
63323-125,42549-497,1483,3691,2,82776.6,2/13/2018,5/23/2018,0.58,Same Day,Air,Bad,1
0179-0128,67938-0904,2071,3508,1,94846.19,2/14/2018,3/27/2018,0.57,Standard Class,Air,Very Good,1
16714-588,0268-1139,1854,4459,2,94823.48,2/14/2018,3/24/2018,0.62,Standard Class,Air,Okay,1
54868-6366,48951-8160,2165,4008,2,99548.33,2/14/2018,5/31/2018,0.69,Second Class,Truck,Good,1
55154-5154,66969-6014,2597,3776,2,83113.43,2/14/2018,3/21/2018,0.52,Second Class,Air,Very Good,1
58118-2528,54868-1971,1089,4876,1,79759.44,2/14/2018,3/5/2018,0.42,Second Class,Air,Okay,1
65862-526,16477-811,1847,4770,1,72722.97,2/14/2018,4/5/2018,0.63,Same Day,Truck,Bad,1
0591-2230,10819-3737,2166,4786,2,93158.79,2/15/2018,5/5/2018,0.47,Second Class,Truck,Very Bad,1
35356-197,53113-266,2434,3784,1,70173.7,2/15/2018,3/22/2018,0.51,Standard Class,Air,Okay,1
50563-180,66259-701,2259,4833,2,78682.13,2/15/2018,4/4/2018,0.63,Second Class,Truck,Bad,1
53950-7007,50436-4379,2936,3745,1,80721.88,2/15/2018,3/3/2018,0.66,Second Class,Air,Very Bad,1
61995-2371,55154-3379,3221,4303,2,75793.74,2/15/2018,5/14/2018,0.62,Second Class,Air,Okay,1
63187-185,41250-467,3220,3938,2,90667.01,2/15/2018,3/22/2018,0.64,First Class,Truck,Very Good,1
65224-539,36987-1498,3599,4801,1,84478.08,2/15/2018,4/3/2018,0.56,Second Class,Truck,Okay,1
43063-209,65862-536,1415,4298,1,83038.49,2/16/2018,4/24/2018,0.47,First Class,Truck,Very Bad,1
52125-531,54569-0843,1248,3985,2,95699.67,2/16/2018,3/23/2018,0.51,Second Class,Air,Very Good,1
57520-0500,41163-496,2443,3778,1,81399.78,2/16/2018,5/13/2018,0.6,Standard Class,Air,Good,1
0069-3120,41190-915,1325,4509,2,99704.46,2/17/2018,3/24/2018,0.7,Standard Class,Truck,Okay,1
0220-9314,0093-5142,2561,4036,2,78372.26,2/17/2018,3/24/2018,0.66,First Class,Air,Very Good,1
41520-114,54569-1155,1114,4667,2,93152.59,2/17/2018,3/26/2018,0.62,Second Class,Truck,Very Good,1
51523-006,64125-127,2571,4338,1,99336.89,2/17/2018,2/24/2018,0.65,Second Class,Air,Very Good,1
55910-042,64990-601,1482,3900,2,86923.41,2/17/2018,2/27/2018,0.62,Same Day,Air,Good,1
0113-0166,54868-5545,1573,3746,2,77562.54,2/18/2018,3/25/2018,0.54,Second Class,Air,Very Good,1
0268-6640,68745-1057,1809,4550,1,86074.14,2/18/2018,3/30/2018,0.44,Second Class,Truck,Very Good,1
0591-0885,10631-099,2356,3519,2,75369.26,2/18/2018,3/22/2018,0.49,Standard Class,Air,Very Good,1
47682-073,50730-8719,3648,4196,2,90636.01,2/18/2018,4/19/2018,0.6,Second Class,Air,Okay,1
57237-095,75857-1123,2551,4534,2,87230.48,2/18/2018,3/22/2018,0.55,First Class,Truck,Very Good,1
63304-445,0713-0166,2110,4435,2,96712,2/18/2018,4/3/2018,0.65,Same Day,Truck,Good,1
54473-210,53808-0396,2901,4057,1,96216.23,2/19/2018,5/17/2018,0.58,Same Day,Air,Very Good,1
55154-2416,50844-753,3098,4154,2,71133.07,2/19/2018,3/26/2018,0.69,Standard Class,Truck,Good,1
13537-217,65517-0027,3119,4532,2,73653.04,2/20/2018,4/5/2018,0.5,Second Class,Truck,Very Good,1
41900-500,24385-549,3581,4420,1,91276.11,2/20/2018,2/28/2018,0.4,First Class,Air,Good,1
49349-069,53808-0832,2010,3650,1,95008.58,2/20/2018,5/15/2018,0.62,Second Class,Truck,Good,1
49884-397,64679-743,2519,3501,1,80690.46,2/20/2018,3/27/2018,0.4,Same Day,Air,Good,1
50322-005,32909-723,1797,3537,1,80887.67,2/20/2018,4/26/2018,0.57,Standard Class,Air,Good,1
65003-018,36800-004,1893,4740,1,89147.6,2/20/2018,5/29/2018,0.56,Standard Class,Truck,Very Good,1
0641-6073,0555-1054,3975,4706,1,77883.92,2/21/2018,3/3/2018,0.67,First Class,Air,Very Good,1
13668-343,36987-1163,2669,4190,2,72719.15,2/21/2018,3/4/2018,0.67,First Class,Air,Very Good,1
43269-835,55154-7453,3253,4450,2,81030.05,2/21/2018,3/28/2018,0.68,First Class,Truck,Okay,1
49288-0906,36000-175,1840,4956,2,99490.76,2/21/2018,2/28/2018,0.51,Standard Class,Air,Good,1
55154-0680,52584-626,1702,4183,2,95633.17,2/21/2018,4/26/2018,0.46,Second Class,Air,Good,1
59958-200,0178-0370,3605,4681,1,97440.6,2/21/2018,3/28/2018,0.62,Second Class,Truck,Okay,1
0591-0338,36800-262,1211,4997,1,70851.06,2/22/2018,3/13/2018,0.65,Same Day,Air,Very Good,1
21749-527,16590-301,2754,4934,2,97391.9,2/22/2018,5/5/2018,0.48,First Class,Air,Okay,1
54569-0322,59746-211,1883,3977,1,77735.37,2/22/2018,4/23/2018,0.4,Second Class,Truck,Very Good,1
55504-9003,41163-478,3911,4370,2,96258.12,2/22/2018,4/28/2018,0.56,Standard Class,Truck,Good,1
57520-1044,0591-5307,2332,4629,2,94221.38,2/22/2018,3/16/2018,0.47,First Class,Truck,Very Good,1
59078-031,0603-2433,3878,4035,1,97713.69,2/22/2018,3/29/2018,0.58,Same Day,Truck,Very Good,1
0440-1771,52959-997,2911,4627,1,71645.3,2/23/2018,4/5/2018,0.47,Second Class,Air,Good,1
11896-0018,50563-112,3044,4307,2,85728.11,2/23/2018,5/5/2018,0.5,Standard Class,Truck,Good,1
55301-243,52054-215,1057,4998,1,99698.28,2/23/2018,4/17/2018,0.57,First Class,Air,Good,1
58118-0212,0135-0460,3120,4720,2,80727.51,2/23/2018,4/19/2018,0.46,Standard Class,Truck,Very Good,1
76519-1011,51523-018,2001,3786,1,84706.81,2/23/2018,5/4/2018,0.56,Same Day,Truck,Okay,1
25021-824,11822-0900,1144,4991,1,94894.77,2/24/2018,2/28/2018,0.64,Same Day,Air,Okay,1
36987-2236,65841-695,2801,4231,1,83302.01,2/24/2018,4/19/2018,0.5,First Class,Air,Good,1
43353-867,60760-978,1592,3710,1,90113.46,2/24/2018,5/26/2018,0.48,Same Day,Truck,Very Good,1
49738-872,54868-5585,3611,3560,2,71224.95,2/24/2018,4/14/2018,0.54,Same Day,Truck,Good,1
52686-230,49967-372,2080,4130,2,78948.71,2/24/2018,4/26/2018,0.47,Second Class,Truck,Very Good,1
10596-330,0591-0932,3462,4400,1,81230.36,2/25/2018,4/4/2018,0.54,First Class,Truck,Very Good,1
44924-116,57955-1531,2362,4268,1,98595.76,2/25/2018,3/4/2018,0.44,Standard Class,Truck,Very Good,1
49288-0145,16571-150,1140,4972,1,76048.61,2/25/2018,3/4/2018,0.46,Second Class,Truck,Very Good,1
65044-6695,0597-0058,1510,4588,1,89167.22,2/25/2018,5/5/2018,0.49,First Class,Air,Okay,1
0135-0484,59450-200,3778,3903,1,74809.42,2/26/2018,4/5/2018,0.45,Standard Class,Air,Okay,1
0268-1069,63304-581,1808,4423,1,95019.74,2/26/2018,5/20/2018,0.6,First Class,Truck,Good,1
0378-7155,49643-301,3871,3998,2,82663.59,2/26/2018,5/13/2018,0.49,Standard Class,Air,Good,1
41520-958,60505-0821,2575,3882,2,71998.06,2/26/2018,5/5/2018,0.7,Second Class,Air,Good,1
58914-012,33261-158,1876,4380,2,73107.99,2/26/2018,5/5/2018,0.48,Second Class,Air,Okay,1
43742-0197,24488-027,2604,4954,1,99052.11,2/27/2018,5/17/2018,0.65,Second Class,Truck,Very Good,1
52125-827,49348-788,3861,4480,1,84795.67,2/27/2018,3/4/2018,0.4,First Class,Air,Very Good,1
57520-0955,24909-606,1701,4695,1,86014.7,2/27/2018,5/5/2018,0.49,Standard Class,Truck,Okay,1
65585-511,53489-330,3714,3861,1,83897.83,2/27/2018,5/3/2018,0.48,Same Day,Truck,Good,1
0268-0275,61245-146,1595,4866,1,93066.53,2/28/2018,3/18/2018,0.49,Same Day,Truck,Good,1
11673-245,68387-802,1155,4976,2,76966.08,2/28/2018,5/5/2018,0.41,Standard Class,Air,Okay,1
54569-1647,60681-7002,3336,4602,1,98757.32,2/28/2018,5/3/2018,0.56,Standard Class,Truck,Good,1
58118-1391,36987-1770,3261,4521,1,72732.05,2/28/2018,4/21/2018,0.54,First Class,Truck,Good,1
63323-285,68151-2347,2904,3599,1,93388.29,2/28/2018,4/4/2018,0.57,Same Day,Truck,Very Good,1
55926-0021,52810-411,1907,4682,2,80135.57,1/3/2018,4/4/2018,0.65,Second Class,Truck,Very Good,1
68258-1972,36987-2341,3223,4337,2,93448.22,1/3/2018,4/5/2018,0.44,Same Day,Truck,Good,1
76439-252,36800-517,3390,4152,2,79925.88,1/3/2018,4/14/2018,0.58,Standard Class,Truck,Very Bad,1
0527-1366,42507-612,2125,3860,2,93563.33,2/3/2018,5/4/2018,0.69,First Class,Air,Very Bad,1
114522-2683,52644-003,3774,4957,2,77606.71,2/3/2018,5/14/2018,0.67,Standard Class,Air,Okay,1
11673-679,0338-0047,3263,4657,2,89080.71,2/3/2018,3/4/2018,0.51,Standard Class,Truck,Bad,1
43857-0117,58517-340,2078,3643,2,96416.25,2/3/2018,5/18/2018,0.55,First Class,Air,Bad,1
52125-862,54868-6387,1795,3774,1,77798.74,2/3/2018,5/4/2018,0.43,Standard Class,Truck,Good,1
59045-1001,50436-8102,1641,3528,1,72305.48,2/3/2018,4/23/2018,0.68,Second Class,Truck,Bad,1
64942-1176,0013-2653,1110,4210,2,88119.82,2/3/2018,5/18/2018,0.68,Same Day,Air,Okay,1
58118-0570,58232-9911,3762,3624,2,90507.79,3/3/2018,5/4/2018,0.4,Same Day,Air,Very Bad,1
37012-160,76237-162,1888,4315,2,93635.82,3/3/2018,5/5/2018,0.49,Standard Class,Air,Okay,1
49230-203,61995-0212,1582,4548,1,77566.5,3/3/2018,5/4/2018,0.69,Same Day,Truck,Okay,1
63874-687,36987-3131,1812,3992,2,87633.51,3/3/2018,5/5/2018,0.48,Same Day,Air,Okay,1
68645-468,76119-1214,2417,4451,1,70414.13,2/3/2018,5/4/2018,0.66,Standard Class,Truck,Very Good,1
44911-0022,49349-866,3699,4366,1,88546.23,1/3/2018,5/5/2018,0.42,Standard Class,Air,Bad,1
63629-3325,51824-014,1224,4278,2,98974.32,1/3/2018,5/15/2018,0.48,Standard Class,Air,Very Good,1
11410-162,49348-616,3594,4713,2,79522.02,2/3/2018,3/6/2018,0.42,Same Day,Truck,Very Bad,1
0363-0567,51143-066,3190,4305,1,94275.47,1/3/2018,4/5/2018,0.51,Second Class,Truck,Bad,1
55910-804,54111-113,2515,4781,1,95844.68,1/3/2018,4/4/2018,0.61,First Class,Air,Okay,1
59779-930,0268-1007,2053,4212,2,78699.86,3/3/2018,3/4/2018,0.53,Same Day,Air,Okay,1
36987-1840,10812-204,1512,3982,2,79895.42,3/13/2018,5/17/2018,0.4,First Class,Air,Very Bad,1
43337-9328,0527-1325,3750,4470,1,71661.09,3/13/2018,3/30/2018,0.64,Same Day,Truck,Very Good,1
43353-815,0703-7045,2424,3881,2,70355.73,3/13/2018,4/17/2018,0.46,Standard Class,Air,Very Bad,1
45802-245,49643-104,3951,4404,1,89887.22,3/13/2018,4/17/2018,0.54,Standard Class,Truck,Very Bad,1
0409-9789,0363-0057,2028,3757,2,71196.44,3/14/2018,4/18/2018,0.55,Second Class,Air,Very Good,1
63187-159,60512-6032,3749,4941,2,90295.13,3/14/2018,4/18/2018,0.6,Standard Class,Air,Bad,1
50988-179,47682-101,1111,4481,2,83965.79,3/15/2018,5/5/2018,0.47,Standard Class,Truck,Very Bad,1
58118-0031,61715-118,1099,4105,2,81814.51,3/15/2018,3/31/2018,0.46,Standard Class,Air,Bad,1
76049-002,0065-0454,3793,3980,1,98689.33,3/15/2018,4/5/2018,0.41,First Class,Truck,Very Bad,1
21695-065,15127-900,3342,4157,2,86923.02,3/16/2018,3/30/2018,0.63,Same Day,Air,Very Good,1
35356-125,66288-1100,1780,4748,1,88228.83,3/16/2018,3/22/2018,0.64,Same Day,Truck,Very Good,1
43857-0294,61657-0959,2005,4840,1,82801.19,3/16/2018,4/20/2018,0.56,Same Day,Truck,Very Bad,1
34645-5018,68745-1056,1193,4808,1,73352.91,3/17/2018,4/20/2018,0.49,Standard Class,Truck,Bad,1
42508-157,68788-9164,3093,3768,2,98166.42,3/17/2018,5/16/2018,0.63,Standard Class,Air,Very Good,1
58414-8748,53808-0603,3602,4080,2,92154.65,3/17/2018,5/26/2018,0.51,Same Day,Air,Good,1
59779-320,55926-0014,3335,4845,1,88360.26,3/17/2018,4/21/2018,0.43,First Class,Air,Bad,1
36987-1245,0615-1590,1228,4936,2,80667.32,3/18/2018,5/4/2018,0.49,Standard Class,Air,Very Good,1
46287-009,33992-3003,2369,3657,1,97678.47,3/18/2018,4/5/2018,0.66,Second Class,Truck,Very Good,1
54162-017,50519-773,1919,4477,1,82107.77,3/18/2018,4/22/2018,0.41,Standard Class,Air,Bad,1
63941-238,67750-1234,1226,4047,1,99091.21,3/18/2018,4/4/2018,0.5,First Class,Truck,Very Good,1
67345-0782,37808-416,3994,4992,1,75592.73,3/18/2018,5/5/2018,0.56,Standard Class,Truck,Very Good,1
0069-2980,55648-172,3776,3772,2,82503.81,3/19/2018,4/5/2018,0.41,Second Class,Air,Good,1
67938-2006,54868-0644,2401,4530,1,94540.96,3/19/2018,4/23/2018,0.66,Same Day,Air,Good,1
68400-311,45802-806,1434,3737,1,73075.58,3/20/2018,3/23/2018,0.68,First Class,Truck,Very Bad,1
0187-2617,52125-794,3188,3615,2,94505.47,3/21/2018,4/25/2018,0.54,Same Day,Air,Very Good,1
41167-0031,64942-1305,2713,4757,1,95802.25,3/21/2018,4/29/2018,0.69,Standard Class,Truck,Okay,1
41190-656,51346-144,2956,4885,1,72481.67,3/21/2018,5/5/2018,0.4,Standard Class,Air,Bad,1
53405-0003,55154-2095,3514,4143,2,89115.73,3/21/2018,4/25/2018,0.64,Same Day,Truck,Bad,1
59779-129,0904-6277,3589,3886,1,92431.11,3/21/2018,4/17/2018,0.52,First Class,Truck,Very Bad,1
63187-061,0440-7805,2881,3641,2,88219.59,3/21/2018,4/25/2018,0.4,Second Class,Air,Very Good,1
67345-0784,0206-2100,2833,4962,2,82059.55,3/21/2018,5/31/2018,0.66,Same Day,Truck,Very Bad,1
43386-622,36987-3061,1121,4648,1,80884.6,3/24/2018,4/28/2018,0.51,First Class,Air,Good,1
63739-231,58411-102,2659,4379,1,82257.46,3/24/2018,4/20/2018,0.5,Second Class,Truck,Bad,1
64942-1352,11822-0656,2135,4026,2,73701.07,3/24/2018,4/25/2018,0.51,Second Class,Air,Very Bad,1
52810-702,60429-288,2718,4145,1,85160.48,3/25/2018,4/29/2018,0.47,Second Class,Air,Very Good,1
57955-0815,48951-3145,1469,4103,1,79374.33,3/25/2018,4/30/2018,0.53,Second Class,Air,Very Good,1
61957-2150,36987-2177,1449,4616,1,77852.75,3/25/2018,4/4/2018,0.56,Same Day,Air,Very Good,1
0006-0078,65044-9961,3284,4361,2,94338.83,3/26/2018,5/30/2018,0.45,First Class,Air,Very Bad,1
51138-212,51141-1000,1593,4551,2,78136.27,3/26/2018,3/30/2018,0.42,Same Day,Truck,Very Good,1
61748-200,59762-1412,1490,4029,1,80693.12,3/26/2018,4/28/2018,0.69,Second Class,Air,Bad,1
0173-0699,11673-536,2348,3565,1,86514.32,3/27/2018,4/5/2018,0.49,Standard Class,Truck,Okay,1
54868-4101,68788-9141,2222,4235,2,89639.49,3/27/2018,4/20/2018,0.47,Standard Class,Truck,Okay,1
63941-078,63739-284,2147,4284,1,99451.03,3/27/2018,4/23/2018,0.44,First Class,Truck,Okay,1
68645-477,76293-037,3399,4734,2,75634.19,3/27/2018,4/18/2018,0.45,Standard Class,Truck,Bad,1
68745-1035,68180-902,1438,4716,2,99894.46,3/27/2018,4/5/2018,0.58,Standard Class,Air,Very Bad,1
36987-3212,45802-759,1682,3721,1,73339.15,3/28/2018,4/15/2018,0.59,Same Day,Truck,Very Bad,1
41250-453,68462-179,2814,3669,2,98495.09,3/28/2018,4/15/2018,0.46,First Class,Truck,Very Good,1
61748-014,24987-562,1229,3652,1,75255.84,3/28/2018,5/6/2018,0.69,Standard Class,Air,Very Good,1
63801-107,0268-6618,1307,4869,2,77928.63,3/28/2018,4/4/2018,0.68,First Class,Truck,Good,1
43742-0489,54458-907,1322,3837,2,95519.06,3/29/2018,4/17/2018,0.5,Standard Class,Truck,Very Bad,1
50563-202,0955-1015,3176,4733,1,93295.77,3/29/2018,5/23/2018,0.65,Same Day,Air,Very Bad,1
52959-596,43857-0026,2523,4677,1,71319.66,3/29/2018,5/31/2018,0.43,Standard Class,Air,Very Good,1
54868-5759,64117-118,1502,4209,2,71748.7,3/29/2018,4/12/2018,0.56,First Class,Truck,Very Good,1
10544-219,54973-2956,3986,4294,2,94559.55,3/30/2018,4/25/2018,0.54,Same Day,Truck,Bad,1
50436-6858,11697-373,1242,4708,1,72298.72,3/30/2018,5/17/2018,0.66,First Class,Air,Bad,1
50804-080,59663-110,1466,3682,2,71372.56,3/30/2018,5/17/2018,0.55,First Class,Air,Bad,1
52125-019,49349-926,1366,4126,2,93433.41,3/30/2018,5/26/2018,0.67,Second Class,Air,Very Good,1
54170-110,49035-393,1511,4933,2,98576.38,3/30/2018,4/20/2018,0.58,Standard Class,Air,Bad,1
76354-005,0363-8130,3628,3905,2,99856.28,3/31/2018,5/4/2018,0.66,Standard Class,Truck,Very Bad,1
0363-0637,10893-520,2096,4328,1,80033.81933,4/4/2018,6/5/2018,0.59,Same Day,Air,Good,2
36987-2526,30698-202,2566,3536,2,75513.03823,4/4/2018,6/5/2018,0.63,Second Class,Air,Good,2
43269-834,0363-1298,2959,4041,1,90660.76923,4/4/2018,4/29/2018,0.65,Second Class,Truck,Bad,2
55711-070,60681-1002,1865,3683,2,87890.76883,4/4/2018,7/5/2018,0.58,First Class,Air,Bad,2
62032-131,60560-1072,1136,4441,2,91547.6452,4/4/2018,4/28/2018,0.68,First Class,Air,Very Good,2
16714-357,65954-382,1770,4476,2,69412.73443,4/4/2018,7/5/2018,0.53,Second Class,Air,Bad,2
49288-0864,53808-0737,3560,3931,2,90281.92933,4/4/2018,5/23/2018,0.66,Same Day,Air,Bad,2
50436-2899,59779-574,1831,3730,1,77117.03753,4/4/2018,7/5/2018,0.67,Second Class,Air,Bad,2
59726-258,49288-0142,2977,4086,2,71317.56913,4/4/2018,8/5/2018,0.51,Same Day,Truck,Very Good,2
60429-131,75857-0001,3508,4358,1,93751.9077,4/4/2018,8/5/2018,0.57,First Class,Air,Okay,2
68258-3001,0220-9346,3466,3829,2,91739.12768,4/4/2018,8/5/2018,0.59,Second Class,Air,Okay,2
42254-065,55154-4651,1933,4562,1,72876.31995,4/4/2018,5/6/2018,0.69,Standard Class,Air,Okay,2
68788-0384,0258-3687,2514,4473,2,82490.5994,4/4/2018,7/4/2018,0.59,Second Class,Air,Very Bad,2
0179-0155,21695-473,2656,4549,1,71249.68175,4/4/2018,9/4/2018,0.69,Standard Class,Truck,Very Bad,2
0093-4160,63014-1600,1614,4246,1,73930.6319,4/4/2018,8/6/2018,0.69,Standard Class,Air,Good,2
0536-2220,0280-1146,2014,4261,2,68626.43343,4/4/2018,9/5/2018,0.66,Second Class,Truck,Very Bad,2
21130-296,10586-9104,3351,3655,1,93553.69025,4/4/2018,10/5/2018,0.6,First Class,Truck,Very Bad,2
54868-1093,15127-335,2962,4566,1,84311.84808,4/4/2018,9/5/2018,0.65,Second Class,Truck,Good,2
0395-1207,54575-338,3732,4825,1,84696.9342,5/4/2018,10/5/2018,0.51,Same Day,Truck,Very Good,2
0869-0686,55648-787,1417,4928,1,79630.26823,5/4/2018,5/20/2018,0.56,First Class,Air,Very Bad,2
17575-006,0006-0951,2867,4884,2,73033.6779,5/4/2018,12/5/2018,0.66,Standard Class,Air,Good,2
30142-199,37205-664,3061,4071,1,89876.26683,5/4/2018,10/6/2018,0.53,Same Day,Truck,Bad,2
12488-0200,59779-389,3716,3593,1,97442.15593,5/4/2018,6/13/2018,0.62,Same Day,Truck,Good,2
0395-2655,48951-8189,3068,3698,2,70296.2087,4/4/2018,12/15/2018,0.7,Second Class,Truck,Very Good,2
68645-151,0781-1971,3422,4133,2,70492.4907,5/4/2018,12/6/2018,0.55,First Class,Air,Very Good,2
37205-607,60429-354,1639,4656,1,93673.8641,6/4/2018,12/5/2018,0.6,Second Class,Air,Very Bad,2
37808-167,0781-5613,3713,3989,1,81430.7157,4/13/2018,4/23/2018,0.66,Same Day,Air,Very Good,2
65862-059,15127-311,1955,4699,2,79839.01335,4/13/2018,4/21/2018,0.7,Standard Class,Air,Good,2
51444-002,15127-831,2804,4985,1,92855.92143,4/13/2018,5/13/2018,0.63,Same Day,Truck,Very Good,2
58790-301,52125-338,2782,4368,2,86678.51243,4/13/2018,12/6/2018,0.52,Second Class,Truck,Very Bad,2
59746-216,60505-3780,2783,4149,1,76398.60435,4/14/2018,6/14/2018,0.53,Same Day,Air,Good,2
60760-687,52019-001,1103,3760,1,82819.44995,4/14/2018,4/29/2018,0.59,Same Day,Air,Very Bad,2
63739-047,68745-1019,1306,4461,2,90871.97765,4/14/2018,6/6/2018,0.56,Standard Class,Truck,Very Good,2
68382-032,52959-880,2193,3783,1,78309.0108,4/14/2018,5/29/2018,0.51,First Class,Air,Okay,2
0078-0512,57520-0034,2903,4547,2,75166.79795,4/14/2018,4/25/2018,0.64,Standard Class,Truck,Very Bad,2
43353-914,0555-0140,1485,3553,2,75134.26675,4/14/2018,10/5/2018,0.64,Second Class,Truck,Okay,2
54458-967,68788-0920,2068,3689,1,92926.64355,4/15/2018,5/15/2018,0.53,Same Day,Air,Very Good,2
62011-0198,55154-7566,3893,4990,1,88227.64465,4/15/2018,5/20/2018,0.6,Standard Class,Air,Okay,2
0143-9681,10157-1010,3178,4229,1,88825.16108,4/15/2018,6/5/2018,0.55,Standard Class,Air,Okay,2
54868-0029,49738-201,2875,4101,2,87226.49893,4/15/2018,5/20/2018,0.7,Same Day,Truck,Okay,2
55289-816,55305-116,1271,3500,1,85650.88623,4/15/2018,5/20/2018,0.56,Standard Class,Air,Very Good,2
66336-002,63739-283,1653,4552,1,74445.7744,4/16/2018,10/6/2018,0.7,First Class,Truck,Bad,2
69152-0018,55289-663,1612,4966,1,81002.48273,4/16/2018,5/18/2018,0.58,Standard Class,Air,Very Bad,2
0677-1978,0363-0359,3011,3962,1,93973.6438,4/16/2018,4/18/2018,0.64,Standard Class,Air,Very Good,2
65856-216,0363-0149,1621,3755,1,69545.62555,4/17/2018,5/28/2018,0.55,Standard Class,Truck,Very Bad,2
52667-001,67046-017,2226,4487,2,90519.33475,4/17/2018,5/22/2018,0.61,Second Class,Air,Very Good,2
0409-7926,43742-0339,3292,4474,1,78535.68328,4/17/2018,5/22/2018,0.63,Second Class,Truck,Very Bad,2
13630-0035,59779-115,3246,4089,1,87288.47243,4/17/2018,5/22/2018,0.67,Second Class,Truck,Very Bad,2
21130-445,52685-434,3741,4539,2,71610.70183,4/17/2018,4/24/2018,0.62,Second Class,Truck,Okay,2
11994-127,76331-807,3478,3541,2,91769.93848,4/17/2018,5/22/2018,0.54,Standard Class,Truck,Bad,2
35356-173,68391-306,2086,4475,2,96752.8327,4/18/2018,5/23/2018,0.53,Standard Class,Air,Okay,2
37000-069,10849-001,1737,3597,2,88430.29018,4/18/2018,5/23/2018,0.5,First Class,Air,Very Bad,2
37205-725,0074-3799,1387,4927,1,85065.59833,4/18/2018,10/5/2018,0.51,First Class,Air,Good,2
49349-796,50438-102,2821,4321,2,72168.17985,4/18/2018,4/21/2018,0.61,Same Day,Truck,Good,2
58466-033,47682-903,1754,4266,2,75010.66188,4/19/2018,4/30/2018,0.5,Second Class,Air,Okay,2
51672-4109,37000-764,3835,4756,1,84258.68185,4/19/2018,5/26/2018,0.61,First Class,Air,Bad,2
55154-6707,55154-6649,1931,4899,1,73557.12915,4/19/2018,5/24/2018,0.52,Second Class,Truck,Good,2
24987-242,47781-103,2830,3843,2,89934.0664,4/20/2018,5/25/2018,0.54,Same Day,Air,Okay,2
37205-186,55111-396,2209,4875,1,77393.86553,4/20/2018,5/25/2018,0.55,Same Day,Truck,Very Good,2
55289-962,59779-405,3418,4357,2,86414.57765,4/21/2018,5/26/2018,0.69,Same Day,Air,Very Good,2
58232-0037,45802-453,2584,4896,1,87416.3783,4/22/2018,5/14/2018,0.6,Second Class,Truck,Very Good,2
43857-0337,51531-5397,2678,4793,2,71897.3537,4/22/2018,5/30/2018,0.55,First Class,Truck,Very Good,2
60512-6646,63629-1558,1318,4492,1,96245.32448,4/22/2018,5/27/2018,0.6,Standard Class,Air,Very Good,2
0268-1524,50988-183,2290,4768,1,69655.72138,4/23/2018,10/6/2018,0.54,First Class,Truck,Good,2
49884-310,0338-0520,3805,3559,1,80859.96323,4/24/2018,5/30/2018,0.7,Standard Class,Air,Okay,2
59614-298,55154-9357,2461,4961,2,84371.80793,4/24/2018,7/6/2018,0.66,Standard Class,Air,Okay,2
60512-1017,59572-205,2439,4650,2,81335.84933,4/24/2018,11/5/2018,0.61,Standard Class,Air,Good,2
62111-0212,55111-763,2941,4996,2,95310.46303,4/24/2018,7/5/2018,0.67,First Class,Truck,Good,2
62750-060,65044-1437,2993,3923,2,86267.39548,4/24/2018,5/29/2018,0.61,First Class,Truck,Good,2
0310-0279,52124-0107,2163,4061,1,78671.5069,4/25/2018,5/17/2018,0.57,Second Class,Air,Good,2
49035-202,16864-001,3755,4308,1,74574.34498,4/25/2018,6/13/2018,0.56,Standard Class,Truck,Good,2
76439-209,55319-533,3549,4187,1,93910.2236,4/26/2018,5/31/2018,0.69,First Class,Truck,Very Good,2
49999-449,60429-505,1609,3797,2,83878.74715,4/26/2018,5/31/2018,0.68,Standard Class,Truck,Very Good,2
50225-355,55714-2351,3070,4320,2,76720.17253,4/26/2018,5/31/2018,0.7,First Class,Truck,Good,2
53808-0712,37808-386,2716,3800,1,89744.55848,4/27/2018,6/16/2018,0.55,Second Class,Air,Good,2
63629-3355,53808-0218,1934,4331,1,79037.27763,4/27/2018,4/30/2018,0.61,Second Class,Truck,Good,2
13537-220,50242-075,1326,4570,2,72358.20585,4/27/2018,4/29/2018,0.68,Same Day,Air,Very Good,2
51079-425,75884-100,3105,4467,2,83253.30355,4/27/2018,5/6/2018,0.56,Standard Class,Truck,Good,2
53144-4001,35356-882,1579,4098,2,82099.12043,4/28/2018,5/29/2018,0.51,First Class,Air,Very Good,2
49349-548,60681-3003,1498,4485,1,80132.1265,4/29/2018,6/6/2018,0.69,Same Day,Air,Very Good,2
53346-1323,18860-678,1521,4579,2,72353.20105,4/30/2018,5/6/2018,0.61,Same Day,Air,Okay,2
58517-360,58443-0024,3311,4598,1,82949.61385,4/30/2018,5/30/2018,0.66,Second Class,Truck,Very Good,2
63539-012,11716-0103,3800,4074,2,91781.20905,4/30/2018,5/25/2018,0.68,Same Day,Air,Very Good,2
41163-413,35356-698,1037,4088,1,89215.57458,4/5/2018,11/5/2018,0.6,Same Day,Truck,Very Good,2
54868-4198,49349-531,2526,3892,2,83607.7646,4/5/2018,5/31/2018,0.57,First Class,Truck,Very Good,2
61314-237,41595-7009,1108,4034,1,70345.11303,4/5/2018,5/6/2018,0.58,Second Class,Truck,Good,2
11523-7227,55714-2252,1618,3790,1,77330.2987,4/5/2018,5/25/2018,0.57,Same Day,Air,Very Good,2
60505-2782,63187-133,1298,4516,2,82059.77605,4/5/2018,6/15/2018,0.59,First Class,Truck,Very Good,2
57627-156,52959-144,1819,4100,1,86181.72738,4/5/2018,5/29/2018,0.68,First Class,Air,Good,2
0093-7394,49215-0001,3313,4275,2,81458.89703,4/5/2018,5/6/2018,0.57,First Class,Air,Good,2
50804-360,11523-7371,3977,4007,2,78418.07048,4/5/2018,5/6/2018,0.61,Second Class,Air,Okay,2
52125-325,44911-0060,3826,4141,2,79995.11033,4/5/2018,5/6/2018,0.51,First Class,Air,Okay,2
52709-1001,0268-0899,2846,4295,2,92746.36323,4/5/2018,5/6/2018,0.53,Same Day,Air,Very Good,2
58404-002,63777-255,2811,4981,2,72967.38385,4/5/2018,10/5/2018,0.55,Second Class,Truck,Okay,2
0187-5205,66312-110,1009,3614,2,81996.2581,4/5/2018,6/6/2018,0.56,Same Day,Truck,Good,2
11673-510,52083-637,1756,3675,1,86116.78228,4/5/2018,6/6/2018,0.59,Second Class,Truck,Okay,2
51862-216,49884-949,1107,3638,2,69027.2182,4/5/2018,6/6/2018,0.53,Second Class,Truck,Very Good,2
42507-090,65044-6590,1363,4930,2,82020.54898,4/5/2018,5/24/2018,0.68,Standard Class,Air,Good,2
43526-103,52584-024,2843,4482,2,79150.85335,4/5/2018,7/6/2018,0.53,Standard Class,Air,Very Good,2
69244-3001,0615-7507,2300,4114,1,84210.44223,4/5/2018,5/17/2018,0.65,Standard Class,Truck,Very Good,2
10544-020,55143-107,2703,3554,1,93532.70333,4/5/2018,8/6/2018,0.65,Standard Class,Truck,Very Good,2
50181-0003,33261-228,3154,3916,1,96407.44285,4/5/2018,5/16/2018,0.65,Standard Class,Truck,Very Good,2
50268-698,53603-4002,3809,3585,1,75271.04833,5/5/2018,12/5/2018,0.68,First Class,Air,Okay,2
57955-6044,41520-092,3860,3756,1,70764.5485,5/5/2018,8/6/2018,0.62,Second Class,Air,Good,2
51367-016,62756-093,2660,4314,2,81670.31073,5/5/2018,5/5/2018,0.5,Second Class,Truck,Okay,2
21695-693,21695-628,1471,4526,1,72975.7317,5/5/2018,11/6/2018,0.68,Second Class,Truck,Very Good,2
0781-3167,55289-697,3726,4164,1,92260.95628,5/5/2018,11/6/2018,0.65,Standard Class,Air,Very Good,2
10812-510,59779-224,2913,4132,2,76818.19623,5/5/2018,11/6/2018,0.67,Second Class,Air,Okay,2
36987-2764,0555-0860,3819,4159,1,71745.31335,5/5/2018,6/13/2018,0.52,First Class,Truck,Good,2
57520-0503,11527-163,2531,4794,2,72815.15778,6/5/2018,12/5/2018,0.62,Second Class,Truck,Very Good,2
65044-6518,0378-6201,2140,3723,2,84296.0028,6/5/2018,12/6/2018,0.52,First Class,Truck,Very Good,2
10019-033,41520-140,3842,4042,1,90046.86013,5/13/2018,6/16/2018,0.67,Second Class,Truck,Very Good,2
37000-363,55154-5627,3862,4816,1,69296.50968,5/13/2018,12/6/2018,0.57,Standard Class,Air,Very Good,2
37205-187,14783-451,3057,3856,2,72398.1856,5/13/2018,6/17/2018,0.62,First Class,Truck,Okay,2
45802-101,36987-3262,2757,4659,1,82826.65413,5/15/2018,11/6/2018,0.69,Second Class,Truck,Very Good,2
57955-2282,49288-0606,3467,4693,2,90619.6067,5/16/2018,6/20/2018,0.53,Standard Class,Truck,Good,2
59779-620,51808-210,1100,4821,1,90031.269,5/19/2018,6/23/2018,0.69,First Class,Truck,Very Good,2
68788-9107,0603-4998,3950,3960,2,95678.00303,5/19/2018,5/24/2018,0.67,First Class,Truck,Bad,2
24385-054,33237-002,3205,4221,1,76319.8765,5/19/2018,6/23/2018,0.53,Standard Class,Air,Very Good,2
52686-269,55154-5599,1167,4207,2,93476.55573,5/19/2018,6/23/2018,0.66,First Class,Air,Okay,2
0472-0911,21130-255,2049,4009,2,83284.9941,5/19/2018,6/23/2018,0.66,Second Class,Truck,Very Good,2
37000-410,55316-998,3254,4902,1,93949.93943,5/20/2018,6/24/2018,0.63,Second Class,Truck,Good,2
59137-525,49884-929,1382,4285,2,71299.85683,5/20/2018,6/24/2018,0.57,Second Class,Air,Good,2
16590-954,61598-200,3027,4107,2,91396.7192,5/22/2018,6/26/2018,0.68,Standard Class,Truck,Very Good,2
42291-805,55910-199,3874,4495,2,94889.77635,5/22/2018,6/26/2018,0.56,First Class,Air,Good,2
0268-1366,16729-248,2091,4364,2,87983.59223,5/22/2018,5/26/2018,0.7,Standard Class,Air,Okay,2
61919-416,67253-264,1823,4413,2,88138.53575,5/23/2018,6/17/2018,0.51,Second Class,Air,Good,2
54569-0650,55143-012,2616,4846,2,93011.06045,5/23/2018,8/6/2018,0.69,First Class,Air,Very Good,2
54868-6010,24385-594,3519,3722,1,89470.3795,5/23/2018,9/6/2018,0.55,First Class,Truck,Okay,2
68084-860,43063-260,2329,3700,2,68570.34448,5/24/2018,6/28/2018,0.58,Second Class,Truck,Bad,2
48951-8025,43063-392,1866,3562,2,73092.03465,5/25/2018,6/29/2018,0.67,Same Day,Air,Bad,2
50436-4842,52125-271,3124,4921,1,84166.84573,5/25/2018,6/29/2018,0.61,First Class,Air,Bad,2
57520-0638,0338-6307,3879,3714,2,74410.1152,5/26/2018,6/17/2018,0.61,Second Class,Air,Okay,2
76075-101,64406-016,2549,3897,2,69190.91035,5/26/2018,6/30/2018,0.68,Second Class,Truck,Okay,2
57691-108,23155-112,1058,3952,1,93119.29903,5/27/2018,6/7/2018,0.6,Second Class,Air,Good,2
65862-148,61139-513,2459,4171,2,82933.94453,5/27/2018,6/7/2018,0.62,Standard Class,Truck,Very Bad,2
0173-0842,63629-5013,2126,4301,2,83793.73398,5/27/2018,6/17/2018,0.69,First Class,Air,Good,2
43063-401,43269-780,1470,3937,2,89517.4559,5/28/2018,6/17/2018,0.59,Second Class,Truck,Good,2
51141-2000,41520-199,2252,4751,2,83335.8241,5/29/2018,12/6/2018,0.52,Second Class,Air,Okay,2
63146-103,47593-359,2952,4890,1,84029.51675,5/29/2018,6/27/2018,0.51,Standard Class,Air,Good,2
43742-0195,52584-900,1225,4489,1,76380.58903,5/30/2018,12/6/2018,0.67,First Class,Truck,Very Good,2
49781-121,62756-552,3203,4765,1,78814.73998,5/30/2018,10/6/2018,0.67,Same Day,Air,Good,2
49035-449,49693-1801,1184,4538,1,91183.17455,4/6/2018,6/7/2018,0.57,Same Day,Truck,Very Bad,2
45802-283,54868-5732,1028,4447,1,88255.20038,4/6/2018,6/7/2018,0.52,Standard Class,Truck,Very Bad,2
51079-300,37205-844,3038,4184,1,70396.8912,4/6/2018,6/7/2018,0.62,Second Class,Truck,Very Good,2
64058-242,59115-130,3333,4151,1,82514.63613,4/6/2018,11/6/2018,0.66,Standard Class,Air,Good,2
24330-410,59310-175,3275,3942,2,78917.02558,4/6/2018,11/6/2018,0.62,Second Class,Air,Very Good,2
43742-0206,10348-010,1894,4180,2,77007.32293,4/6/2018,6/7/2018,0.51,Second Class,Air,Okay,2
51439-006,21695-575,2384,3516,1,91632.00345,4/6/2018,6/7/2018,0.69,Same Day,Truck,Very Bad,2
0113-0459,43419-028,1890,4388,1,83543.55263,5/6/2018,6/7/2018,0.54,First Class,Truck,Very Good,2
10202-384,10705-077,3613,3961,1,96110.40993,4/6/2018,6/7/2018,0.61,Same Day,Truck,Bad,2
16477-152,68703-004,2866,4787,2,82133.71415,4/6/2018,7/7/2018,0.52,First Class,Air,Okay,2
49738-178,60660-7786,3850,3816,2,93097.66695,4/6/2018,7/7/2018,0.57,Standard Class,Truck,Okay,2
51060-010,76237-153,1221,4545,1,89806.78613,4/6/2018,8/7/2018,0.65,Same Day,Air,Very Good,2
63629-4358,30142-163,1726,4068,1,84333.8907,4/6/2018,6/17/2018,0.7,Same Day,Truck,Bad,2
75862-021,55118-545,2805,4170,2,93908.56185,4/6/2018,8/7/2018,0.69,Standard Class,Air,Very Bad,2
30142-098,47593-507,1357,4686,2,69338.9234,4/6/2018,8/7/2018,0.6,Standard Class,Air,Bad,2
54868-4525,75936-123,2160,4402,2,84401.70965,4/6/2018,8/7/2018,0.7,Standard Class,Air,Very Good,2
60429-555,10477-7603,3586,4260,1,94893.99915,4/6/2018,8/7/2018,0.6,Same Day,Truck,Okay,2
0093-5514,49349-191,3837,3787,1,92405.5774,4/6/2018,10/6/2018,0.55,Same Day,Truck,Good,2
65044-2215,68220-160,1859,3879,2,72001.3597,4/6/2018,8/7/2018,0.57,Second Class,Air,Very Good,2
0548-3015,48951-3141,1684,3858,1,86589.55993,4/6/2018,7/6/2018,0.7,Standard Class,Air,Very Bad,2
11822-0542,49288-0591,2787,4977,1,68471.96888,4/6/2018,8/7/2018,0.51,Standard Class,Truck,Very Good,2
36987-3033,52584-482,1207,4721,2,75395.22993,4/6/2018,8/7/2018,0.64,Same Day,Truck,Very Good,2
48951-2021,43857-0300,3442,3619,2,89893.69565,4/6/2018,9/7/2018,0.52,Second Class,Air,Very Good,2
61727-310,61755-001,1316,4868,1,82840.06543,4/6/2018,9/7/2018,0.57,Same Day,Air,Very Good,2
62011-0200,66758-004,1821,4498,2,86174.20063,5/6/2018,10/7/2018,0.54,Same Day,Air,Bad,2
33261-039,55711-070,3001,3934,1,71889.7683,5/6/2018,12/7/2018,0.51,Same Day,Air,Good,2
53645-1020,64942-1174,1534,4541,2,71353.7073,5/6/2018,12/7/2018,0.58,Standard Class,Air,Very Good,2
76344-5001,36800-618,2950,4607,2,97159.59978,6/6/2018,7/13/2018,0.62,First Class,Air,Good,2
101781-2693,62296-0036,3168,4336,1,70029.84973,4/6/2018,7/13/2018,0.56,Second Class,Truck,Very Bad,2
60512-1035,54838-101,1124,4703,2,72691.13258,5/6/2018,7/14/2018,0.55,Same Day,Truck,Okay,2
14783-472,76126-007,1259,4719,2,96492.39738,6/13/2018,7/18/2018,0.7,First Class,Air,Very Bad,2
28107-003,49693-1801,2213,3889,2,95753.09458,6/14/2018,7/19/2018,0.63,Second Class,Air,Bad,2
65862-082,68788-9728,2915,4421,2,92676.62838,6/19/2018,7/24/2018,0.6,Same Day,Air,Good,2
0185-0055,54973-3112,2438,4332,2,72041.84775,6/19/2018,7/24/2018,0.54,First Class,Air,Bad,2
30142-246,0179-1804,1740,4491,1,71698.23695,6/19/2018,7/24/2018,0.65,First Class,Truck,Very Good,2
51389-119,60971-1176,3170,4083,2,79346.50975,6/19/2018,7/24/2018,0.63,Second Class,Truck,Bad,2
54868-6368,0093-6126,3264,4213,1,81678.91273,6/20/2018,7/25/2018,0.61,Same Day,Truck,Good,2
59535-1051,54162-004,2308,3898,2,69620.50205,6/21/2018,7/26/2018,0.57,Standard Class,Truck,Okay,2
60505-0027,51079-768,1751,3807,1,91247.87528,6/22/2018,7/27/2018,0.58,Standard Class,Truck,Good,2
0555-0286,30142-733,1833,4584,2,86069.70588,6/22/2018,7/27/2018,0.67,Standard Class,Air,Very Good,2
36800-443,37808-817,2041,4292,2,84273.93085,6/23/2018,7/28/2018,0.62,First Class,Air,Bad,2
50742-109,63736-013,1591,3630,2,81527.70325,6/25/2018,7/30/2018,0.56,Same Day,Air,Okay,2
0603-3968,52685-427,3140,4468,2,80148.56805,6/25/2018,7/30/2018,0.58,Standard Class,Air,Bad,2
13537-138,60505-2664,3122,4377,2,69631.71398,6/25/2018,7/30/2018,0.67,Same Day,Air,Very Bad,2
42023-167,42924-001,3637,3611,2,78245.48308,6/26/2018,7/31/2018,0.51,Second Class,Truck,Very Bad,2
55154-4989,41250-167,3082,4826,2,81411.2048,6/26/2018,7/31/2018,0.56,Second Class,Air,Okay,2
55154-6260,0404-6620,1935,4508,2,93724.76253,6/26/2018,7/31/2018,0.55,Standard Class,Air,Very Bad,2
63459-201,52810-212,3193,3727,1,75350.783,6/5/2018,8/8/2018,0.62,Standard Class,Truck,Good,2
60512-6445,41250-236,1981,4536,2,74482.97805,6/28/2018,7/8/2018,0.58,Standard Class,Truck,Very Bad,2
68703-126,0378-3000,1721,3527,1,69000.50313,6/21/2018,7/17/2018,0.63,Standard Class,Truck,Very Bad,2
65342-1377,51346-179,1315,4291,2,91477.16745,6/13/2018,8/11/2018,0.55,Standard Class,Truck,Good,2
52164-1120,57664-056,3247,4218,1,72769.80178,6/28/2018,7/10/2018,0.57,Same Day,Truck,Bad,2
63629-3868,0024-2792,1435,4881,2,88883.11705,6/29/2018,8/18/2018,0.5,First Class,Air,Very Bad,2
75936-111,63629-1346,2613,4918,2,97395.57805,6/30/2018,7/12/2018,0.68,Standard Class,Air,Bad,2
0179-0013,42546-175,1446,4574,2,72699.7248,6/23/2018,7/8/2018,0.59,Second Class,Truck,Bad,2
41250-897,55154-3953,3847,4091,2,70843.97038,6/14/2018,8/8/2018,0.56,Same Day,Air,Very Bad,2
41268-215,41163-271,2279,3697,2,74476.21375,6/19/2018,7/8/2018,0.56,First Class,Truck,Okay,2
51452-004,53877-009,2121,4892,1,88621.4012,4/5/2018,7/6/2018,0.62,Second Class,Truck,Okay,2
53499-5149,36987-1248,3843,3518,1,68732.2478,4/5/2018,5/17/2018,0.65,Same Day,Air,Very Good,2
55910-105,64725-0773,1374,3634,2,74569.03715,4/5/2018,8/6/2018,0.55,First Class,Truck,Bad,2
65044-0611,68180-750,2285,3642,2,80523.96715,4/5/2018,5/16/2018,0.68,Second Class,Air,Good,2
65342-0100,51060-045,2651,3779,1,92736.7153,5/5/2018,12/5/2018,0.51,Second Class,Truck,Very Good,2
66993-664,49520-501,3906,4533,2,71915.32015,5/5/2018,8/6/2018,0.54,Standard Class,Air,Very Good,2
54575-196,65044-1791,3052,4577,1,79991.0928,5/5/2018,5/5/2018,0.51,Second Class,Truck,Very Bad,2
64406-005,0527-1326,1453,4546,1,97103.85295,5/5/2018,11/6/2018,0.64,Same Day,Truck,Very Good,2
68788-9714,52959-386,2705,3781,1,88262.33613,5/5/2018,11/6/2018,0.61,Same Day,Air,Very Good,2
51393-6668,62175-891,3302,4580,1,83047.83305,5/5/2018,11/6/2018,0.7,Standard Class,Air,Okay,2
61748-025,57955-5130,1600,4369,1,74401.435,4/5/2018,6/13/2018,0.5,Second Class,Air,Bad,2
10096-0258,10544-151,2762,4855,2,88820.58638,6/5/2018,12/5/2018,0.51,Standard Class,Truck,Bad,2
21695-388,49348-274,3543,4701,1,72738.57065,6/5/2018,12/6/2018,0.64,Same Day,Truck,Okay,2
57237-082,0395-1003,3984,4453,2,91478.34045,5/13/2018,6/16/2018,0.52,Same Day,Truck,Okay,2
16781-391,50436-6624,3978,4672,2,93301.95468,5/13/2018,12/6/2018,0.54,Standard Class,Truck,Very Good,2
51367-008,0944-4351,1065,4618,1,87969.74105,5/13/2018,6/17/2018,0.55,Second Class,Air,Bad,2
0268-6694,60760-224,2538,4974,1,72803.8481,5/15/2018,11/6/2018,0.51,Standard Class,Truck,Bad,2
0270-1314,0378-3005,3544,4075,2,72410.08178,5/16/2018,6/20/2018,0.55,Same Day,Air,Okay,2
57520-0111,55316-426,1985,3909,1,86617.24273,5/19/2018,6/23/2018,0.7,First Class,Truck,Bad,2
16590-774,0006-0740,1359,4102,2,93062.93638,5/19/2018,5/24/2018,0.5,Second Class,Truck,Okay,2
60429-145,54868-3533,2661,4410,1,94379.23788,5/19/2018,6/23/2018,0.56,Second Class,Air,Very Bad,2
64942-0819,75936-113,1436,3833,1,80972.66898,5/19/2018,6/23/2018,0.64,Second Class,Air,Good,2
68327-030,0555-0767,1548,4407,1,84346.31473,5/19/2018,6/23/2018,0.63,Standard Class,Truck,Okay,2
42808-300,36987-2515,3258,4988,2,94088.89105,5/20/2018,6/24/2018,0.69,First Class,Truck,Okay,2
51514-0304,52642-006,2935,4124,2,85792.14475,5/20/2018,6/24/2018,0.66,First Class,Truck,Very Bad,2
54057-682,54838-144,2844,4405,1,75433.7141,5/22/2018,6/26/2018,0.59,Standard Class,Truck,Good,2
55111-341,49288-0326,3428,4335,2,69577.32588,4/17/2018,4/24/2018,0.59,Second Class,Air,Very Bad,2
0220-9322,53603-1006,2920,3600,2,75645.03005,4/17/2018,5/22/2018,0.52,First Class,Air,Okay,2
49349-334,0498-0401,3914,4023,1,72362.2136,4/18/2018,5/23/2018,0.51,First Class,Truck,Good,2
76340-4001,61722-160,2922,4189,1,88685.53498,4/18/2018,5/23/2018,0.7,Second Class,Truck,Very Good,2
36987-1208,58232-0024,2413,4150,1,96926.6713,4/18/2018,10/5/2018,0.65,First Class,Air,Very Bad,2
52125-877,76328-333,1781,4172,1,91774.00488,4/18/2018,4/21/2018,0.66,Second Class,Truck,Very Good,2
0591-5882,68472-081,2738,3604,1,84157.3151,4/19/2018,4/30/2018,0.67,First Class,Truck,Very Good,2
65342-1007,56149-001,1296,3531,2,86129.86123,4/19/2018,5/26/2018,0.57,Standard Class,Air,Okay,2
59062-1381,65044-6693,1569,4557,2,81358.0679,4/19/2018,5/24/2018,0.57,Second Class,Air,Good,2
62037-938,0185-0128,1023,4192,2,91414.12848,4/20/2018,5/25/2018,0.59,Standard Class,Air,Okay,2
0270-0149,50268-452,3378,4711,1,72582.10223,4/20/2018,5/25/2018,0.69,Same Day,Truck,Bad,2
49967-715,42957-001,3338,3804,2,77473.4829,4/21/2018,5/26/2018,0.6,First Class,Truck,Okay,2
50845-0046,63187-009,1134,4668,1,95762.83048,4/22/2018,5/14/2018,0.64,Same Day,Air,Very Good,2
67544-023,47335-203,3470,3629,2,78887.52463,4/22/2018,5/30/2018,0.52,First Class,Truck,Okay,2
0078-0592,53247-330,1720,4647,2,70757.60825,4/22/2018,5/27/2018,0.62,First Class,Air,Bad,2
41250-318,21695-835,2380,3637,1,72660.53683,4/23/2018,10/6/2018,0.53,Standard Class,Air,Okay,2
42254-305,49817-1992,3985,3906,1,80997.14558,4/24/2018,5/30/2018,0.64,First Class,Air,Very Bad,2
68180-517,59535-1041,1462,4060,2,92734.51593,4/24/2018,7/6/2018,0.62,First Class,Truck,Very Bad,2
69097-151,60505-3673,3104,4943,2,71585.6876,4/24/2018,11/5/2018,0.67,Standard Class,Air,Bad,2
68462-296,63629-1671,1283,4096,1,86775.1383,4/24/2018,7/5/2018,0.57,First Class,Air,Bad,2
76436-204,66993-902,1135,3767,1,91421.16648,4/24/2018,5/29/2018,0.5,Second Class,Air,Okay,2
11822-0413,59262-259,2789,4849,1,73777.46743,4/25/2018,5/17/2018,0.56,Standard Class,Truck,Good,2
35356-765,21695-146,2366,4244,2,77169.29468,4/25/2018,6/13/2018,0.66,First Class,Air,Bad,2
49967-206,44523-450,3316,3625,1,88963.70215,4/26/2018,5/31/2018,0.5,First Class,Air,Very Good,2
51514-0333,0185-0157,2819,4191,2,86151.82565,4/26/2018,5/31/2018,0.69,Second Class,Air,Very Bad,2
43353-538,61667-001,2761,4901,2,89427.1349,4/26/2018,5/31/2018,0.7,Same Day,Truck,Good,2
64720-321,61699-4888,2203,4537,1,73944.32668,4/27/2018,6/16/2018,0.57,Same Day,Air,Very Bad,2
33261-810,54838-551,3817,4931,1,73575.3693,4/27/2018,4/30/2018,0.69,First Class,Truck,Very Good,2
51079-375,55154-5880,3983,4870,2,89066.45695,4/27/2018,4/29/2018,0.54,Second Class,Truck,Very Good,2
0093-0132,43742-0185,2363,4796,1,83157.65518,4/27/2018,6/6/2018,0.64,First Class,Air,Good,2
0096-0738,50036-571,1487,4969,2,93601.73438,4/28/2018,5/29/2018,0.63,Second Class,Truck,Good,2
0113-2476,37808-351,2469,4712,1,72362.6828,4/4/2018,7/5/2018,0.6,Same Day,Truck,Good,2
10578-004,59088-864,2025,4144,2,84495.5301,4/4/2018,4/28/2018,0.6,Standard Class,Air,Good,2
30142-008,67386-421,2102,4641,2,92184.21275,4/4/2018,7/5/2018,0.58,Same Day,Air,Very Good,2
37808-431,41520-873,1800,4737,2,70869.4147,4/4/2018,5/23/2018,0.6,Second Class,Air,Bad,2
51991-793,65862-697,2910,3883,2,80073.6329,4/4/2018,7/5/2018,0.63,Standard Class,Air,Very Bad,2
0054-0254,64980-183,3643,4006,2,70735.1844,4/4/2018,8/5/2018,0.61,First Class,Air,Very Good,2
48102-012,69161-002,2149,3708,2,83866.55,7/1/2018,11/8/2018,0.73,Same Day,Truck,Okay,3
52125-451,60681-2301,1700,4460,2,73374.99,8/11/2018,11/8/2018,0.73,Second Class,Truck,Okay,3
33261-460,54868-4986,3476,3983,1,83244.7,7/1/2018,12/8/2019,0.69,Standard Class,Air,Good,3
45963-346,0363-1024,3538,4704,1,91897.26,7/1/2018,12/8/2019,0.7,Second Class,Truck,Good,3
41250-854,36987-2864,3721,3973,1,96522.74,8/1/2018,9/12/2018,0.78,Standard Class,Air,Okay,3
43742-0012,53620-101,1215,4591,2,87501.19,8/1/2018,8/12/2018,0.61,Second Class,Air,Bad,3
55111-220,21695-655,1409,3628,2,88058.94,9/1/2018,12/12/2019,0.73,First Class,Truck,Very Bad,3
55319-050,21695-975,3940,4493,2,78636.95,9/1/2018,12/12/2019,0.7,Same Day,Truck,Good,3
64117-149,43857-0294,2330,4194,1,92044.91,9/1/2018,12/12/2019,0.76,First Class,Air,Bad,3
0173-0838,43196-514,3795,3579,2,74182.73,7/1/2018,9/8/2018,0.69,Same Day,Truck,Very Bad,3
56062-027,70253-348,3965,4015,1,91062.82,7/1/2018,9/8/2018,0.65,Second Class,Truck,Very Good,3
0258-3687,65365-005,1082,4935,1,90076.2,7/1/2018,10/8/2018,0.73,Same Day,Truck,Very Good,3
11410-800,49967-159,1194,3840,2,89015.98,7/1/2018,10/8/2018,0.67,Second Class,Air,Bad,3
42808-201,49715-019,2896,4506,2,76138.32,7/1/2018,10/8/2018,0.75,Second Class,Air,Bad,3
28107-010,41520-190,2909,3674,2,92967.74,7/7/2018,11/8/2018,0.68,Standard Class,Air,Bad,3
0527-1376,57520-0112,1003,4975,1,99629.95,8/7/2018,12/8/2019,0.66,First Class,Truck,Bad,3
16714-387,49938-102,3801,3839,2,89138.74,8/7/2018,12/8/2019,0.67,Standard Class,Air,Bad,3
0268-0710,35356-544,3219,4362,1,87237.49,9/7/2018,12/13/2019,0.65,First Class,Truck,Bad,3
50436-5891,62670-4458,1131,4666,1,93090.37,9/7/2018,12/13/2019,0.67,Same Day,Truck,Very Good,3
50563-200,55648-177,2491,4425,1,77386.94,9/7/2018,12/13/2019,0.63,Second Class,Truck,Very Good,3
51138-067,11523-1314,3151,4178,1,84941.17,9/7/2018,12/13/2019,0.62,Same Day,Truck,Good,3
30142-910,65342-0001,2364,4066,1,76721.81,9/1/2018,12/14/2019,0.68,First Class,Air,Very Bad,3
50198-2826,68105-005,3059,4437,1,95975.43,9/1/2018,12/14/2019,0.71,Standard Class,Truck,Very Bad,3
30142-770,52125-618,1486,4043,2,85477.5,8/1/2018,8/15/2018,0.73,Standard Class,Truck,Bad,3
52642-006,46122-245,2326,4324,1,70858.54,8/1/2018,8/15/2018,0.63,Second Class,Air,Very Good,3
61957-1025,63629-4018,1550,4818,1,80744.27,8/1/2018,8/15/2018,0.63,Second Class,Air,Very Good,3
67467-182,0168-0277,2496,4063,1,71141.72,8/1/2018,8/15/2018,0.61,First Class,Air,Okay,3
68788-9038,41520-851,3083,4823,2,84894.96,8/1/2018,8/15/2018,0.73,Standard Class,Truck,Okay,3
0054-0243,65966-001,3204,4575,1,95090.46,7/1/2018,8/16/2018,0.67,First Class,Truck,Good,3
55154-3395,53389-251,2151,4776,2,95509.11,7/1/2018,8/16/2018,0.67,Second Class,Air,Very Good,3
65862-134,37012-484,1109,4128,1,86940.2,7/1/2018,8/16/2018,0.64,First Class,Truck,Good,3
76049-620,0065-0530,1022,4046,2,78151.87,7/1/2018,8/16/2018,0.71,First Class,Truck,Okay,3
48951-2084,68682-004,2978,4200,2,74973.65,7/13/2018,8/17/2018,0.75,Standard Class,Air,Very Good,3
61442-363,30142-462,3640,4201,1,91367.44,7/13/2018,8/17/2018,0.67,Second Class,Air,Very Good,3
63717-871,76485-1007,2391,3926,2,70361.22,7/13/2018,8/17/2018,0.63,Standard Class,Truck,Very Bad,3
031613-0459,52686-274,1195,4348,1,81536.03,7/14/2018,8/18/2018,0.61,First Class,Truck,Good,3
49999-338,0682-0334,3381,4502,2,89628.23,7/14/2018,8/18/2018,0.79,Standard Class,Air,Bad,3
55714-4418,61786-020,2995,4479,2,97467.17,7/14/2018,8/18/2018,0.7,Same Day,Truck,Good,3
14290-376,0615-6557,3408,4744,1,93138.32,7/15/2018,8/19/2018,0.62,Standard Class,Truck,Okay,3
68382-022,76237-153,3810,4193,1,97848.78,7/15/2018,8/19/2018,0.65,Second Class,Air,Very Good,3
0268-6706,24208-544,3736,3596,1,86111.3,7/16/2018,8/20/2018,0.73,Same Day,Air,Bad,3
55154-8273,0187-2205,1773,3791,1,70313.29,7/16/2018,8/20/2018,0.8,Same Day,Air,Bad,3
61245-145,50181-0038,3848,4376,2,92979.58,7/16/2018,8/20/2018,0.61,Same Day,Truck,Very Bad,3
16590-016,37012-335,3612,3720,1,97421.62,7/17/2018,8/21/2018,0.68,Second Class,Air,Good,3
55714-4409,49288-0176,2206,3526,2,82980.69,7/17/2018,8/21/2018,0.6,Second Class,Air,Very Bad,3
68788-9525,0378-4513,3620,4353,1,81973.94,7/17/2018,8/21/2018,0.73,First Class,Truck,Bad,3
0378-0344,49349-336,3691,3981,1,95566.11,7/18/2018,8/22/2018,0.73,Standard Class,Air,Good,3
54868-6296,35356-926,1542,4891,1,80797.44,7/18/2018,8/22/2018,0.62,First Class,Truck,Very Bad,3
55154-2860,0781-5348,2240,4140,1,79811.63,7/18/2018,8/22/2018,0.69,First Class,Air,Good,3
0135-0532,13734-023,1772,3695,2,82698.25,7/20/2018,8/24/2018,0.72,Second Class,Truck,Okay,3
76420-611,10096-0158,1699,4050,2,85520.13,7/20/2018,8/24/2018,0.8,Second Class,Air,Very Bad,3
30142-154,59762-2310,1978,3832,1,85613.37,7/21/2018,8/25/2018,0.79,First Class,Air,Good,3
42998-974,0268-6701,2173,3575,1,99226.75,7/21/2018,8/25/2018,0.65,Same Day,Air,Very Bad,3
0264-9010,0179-0080,1013,4822,2,88673.85,7/22/2018,8/26/2018,0.63,Second Class,Truck,Okay,3
54868-4096,37000-555,3450,4573,2,76544.48,7/22/2018,8/26/2018,0.69,Same Day,Truck,Okay,3
63629-1595,68016-115,3078,4898,1,83571.31,7/22/2018,8/26/2018,0.62,Same Day,Air,Very Bad,3
10370-116,68180-403,3412,3741,2,95981.93,7/23/2018,8/27/2018,0.63,First Class,Air,Okay,3
55513-924,59535-8101,3165,4683,2,97268.15,7/23/2018,8/27/2018,0.8,Standard Class,Air,Bad,3
64205-006,52584-053,1755,3749,1,97478.79,7/23/2018,8/27/2018,0.7,First Class,Air,Okay,3
68645-021,59779-101,2522,4946,2,73055.45,7/23/2018,8/27/2018,0.62,Standard Class,Truck,Good,3
0904-5186,68084-009,2128,4735,2,95623.56,7/24/2018,8/28/2018,0.68,Standard Class,Air,Very Bad,3
11489-074,52731-7003,2394,3808,2,84888.19,7/24/2018,8/28/2018,0.73,First Class,Truck,Good,3
43742-0343,0220-9081,1647,3762,2,94181.73,7/24/2018,8/28/2018,0.72,First Class,Truck,Bad,3
60432-604,68258-8973,2408,4374,2,85890.77,7/24/2018,8/28/2018,0.72,Second Class,Air,Good,3
0268-1138,50114-8500,1206,3621,1,73244.16,7/25/2018,8/29/2018,0.71,First Class,Truck,Okay,3
12462-201,64942-0894,3473,3831,1,82658.39,7/25/2018,8/29/2018,0.61,Standard Class,Air,Bad,3
46122-255,0430-0115,1102,4241,1,99909.18,7/25/2018,8/29/2018,0.78,Same Day,Air,Bad,3
65113-2428,10096-0280,3069,4569,1,86358.01,7/25/2018,8/29/2018,0.67,Second Class,Air,Okay,3
67877-169,0121-4675,3088,3948,2,71428.8,7/25/2018,8/29/2018,0.77,Standard Class,Air,Okay,3
68151-5113,55312-571,2253,3780,1,87804.77,7/25/2018,8/29/2018,0.73,Same Day,Air,Okay,3
0179-1435,54340-809,1094,4754,2,76636.25,7/26/2018,8/30/2018,0.74,Second Class,Truck,Good,3
0378-2017,10812-604,3957,4247,1,77976.93,7/26/2018,8/30/2018,0.64,First Class,Truck,Good,3
0591-3748,75866-306,1884,4644,1,77836.38,7/26/2018,8/30/2018,0.78,Second Class,Truck,Okay,3
0703-4852,52549-4118,3971,3914,1,85288.96,7/26/2018,8/30/2018,0.77,Same Day,Truck,Okay,3
60793-130,55154-2734,1043,4544,2,93847.98,7/27/2018,8/31/2018,0.69,First Class,Air,Very Good,3
63868-093,65862-406,2446,4208,2,85390.58,7/27/2018,8/31/2018,0.73,First Class,Air,Bad,3
13537-422,49873-608,3074,4510,2,97832.84,7/28/2018,8/19/2018,0.69,Standard Class,Air,Good,3
0363-0438,0574-0427,1624,4631,1,87218.58,7/29/2018,10/9/2018,0.76,Same Day,Air,Bad,3
48951-7023,48951-6040,1518,4131,2,70188.06,7/29/2018,10/9/2018,0.7,Second Class,Truck,Bad,3
49288-0349,68345-965,3033,4731,2,86056.04,7/29/2018,10/9/2018,0.65,Same Day,Truck,Bad,3
49348-847,68258-3024,2477,4472,2,97818.59,7/29/2018,10/9/2018,0.71,First Class,Air,Good,3
49967-075,14783-323,3087,4809,1,90730.17,7/29/2018,10/9/2018,0.76,First Class,Air,Very Bad,3
52125-051,48951-1037,2355,3911,1,88206.45,7/29/2018,10/9/2018,0.63,Same Day,Truck,Okay,3
49967-033,0591-3602,2196,4311,1,70183.93,7/30/2018,11/9/2018,0.68,First Class,Truck,Very Good,3
51815-216,51769-980,1044,4528,1,93524.98,7/30/2018,11/9/2018,0.63,Same Day,Truck,Bad,3
53346-1351,68084-513,2706,3587,2,99463.07,7/30/2018,11/9/2018,0.65,Same Day,Truck,Okay,3
67938-0942,42602-003,2088,4728,2,73282.04,7/30/2018,11/9/2018,0.7,Standard Class,Air,Good,3
50268-453,0268-1046,3509,4792,1,82609.91,7/31/2018,12/9/2019,0.66,Same Day,Truck,Very Good,3
55154-3226,24987-437,2792,3976,1,84919.98,7/31/2018,12/9/2019,0.68,First Class,Truck,Very Good,3
60637-013,55316-994,2869,4270,2,71980.56,7/31/2018,12/9/2019,0.69,Standard Class,Truck,Very Bad,3
66336-393,16714-613,1098,3584,1,79950.13,7/31/2018,12/9/2019,0.71,First Class,Air,Very Bad,3
0093-1026,60432-455,3062,4722,2,89156.58,8/8/2018,11/9/2018,0.72,First Class,Air,Bad,3
54868-3363,52686-320,2524,3799,2,91029.1,9/8/2018,11/9/2018,0.64,First Class,Truck,Good,3
0172-3759,58118-0517,1757,4304,2,74364.7,7/8/2018,12/9/2019,0.63,Second Class,Air,Very Good,3
15127-989,60429-369,3161,3821,2,98148.53,7/8/2018,12/9/2019,0.76,Same Day,Truck,Okay,3
21695-604,52533-024,2643,4828,1,72043.78,7/8/2018,12/9/2019,0.76,First Class,Air,Good,3
31722-731,54868-6077,3492,4462,2,90638.34,7/8/2018,12/9/2019,0.6,Second Class,Air,Very Good,3
54868-6209,53150-411,3887,4986,2,91677.79,7/8/2018,12/9/2019,0.78,Second Class,Air,Very Good,3
0093-5539,0363-0604,1007,4634,1,98256.4,9/8/2018,12/9/2019,0.73,Same Day,Air,Very Good,3
40085-215,42627-229,2585,4764,2,91443.42,9/8/2018,12/9/2019,0.71,First Class,Air,Okay,3
55154-6027,36987-2212,3993,3677,2,92787.92,9/8/2018,12/9/2019,0.77,Standard Class,Air,Bad,3
66715-9735,29149-001,3823,4673,2,99288.67,9/8/2018,12/9/2019,0.72,Same Day,Air,Very Bad,3
24208-732,41250-117,2389,4478,2,81891.92,7/8/2018,9/9/2018,0.66,Standard Class,Truck,Okay,3
49035-439,49349-774,2205,4458,2,80360.97,7/8/2018,9/9/2018,0.79,First Class,Truck,Good,3
59279-514,64764-151,2631,4076,2,83440.73,7/8/2018,9/9/2018,0.79,First Class,Truck,Bad,3
50169-0005,0228-2672,1253,4403,2,85606.91,7/8/2018,10/9/2018,0.66,Same Day,Air,Very Good,3
53808-0799,65862-521,3981,4326,2,70142.69,7/8/2018,10/9/2018,0.77,Second Class,Air,Bad,3
10096-9182,54569-2483,1917,3956,1,86306.45,8/8/2018,12/9/2019,0.64,Standard Class,Air,Okay,3
52054-512,0023-4964,3609,3656,1,99448.61,8/8/2018,12/9/2019,0.65,Same Day,Air,Good,3
46122-028,36800-647,2639,4109,2,70854.3,9/8/2018,9/13/2018,0.76,Same Day,Truck,Very Bad,3
49884-984,57844-115,1376,3523,1,77311.07,9/8/2018,9/13/2018,0.77,Second Class,Truck,Very Good,3
51346-230,52533-103,1049,4264,1,97178.73,9/8/2018,9/13/2018,0.64,Second Class,Air,Okay,3
68001-252,0268-6686,3185,3950,2,72271.55,9/8/2018,9/14/2018,0.66,First Class,Air,Very Good,3
76329-3301,63323-086,3500,4697,1,73998.81,9/8/2018,9/14/2018,0.67,First Class,Truck,Good,3
41163-445,26509-0003,2423,4812,1,82603.45,8/8/2018,9/15/2018,0.78,Standard Class,Air,Okay,3
42346-200,37808-595,3639,4496,2,87331.7,8/8/2018,9/15/2018,0.66,Same Day,Truck,Bad,3
49349-277,37000-199,1463,4651,1,80696.46,8/8/2018,9/15/2018,0.66,Standard Class,Air,Okay,3
49999-378,36800-010,3309,4411,1,93110.71,8/8/2018,9/15/2018,0.69,Second Class,Truck,Bad,3
24236-350,65649-802,2617,4079,1,96563.36,7/8/2018,9/16/2018,0.75,Second Class,Air,Bad,3
37808-604,76461-910,3696,4216,2,94256.82,7/8/2018,9/16/2018,0.65,Standard Class,Truck,Very Bad,3
58118-0404,43742-0059,1450,4979,2,83258.12,7/8/2018,9/16/2018,0.77,Same Day,Air,Good,3
59316-103,50563-149,1705,3529,1,87756.71,7/8/2018,9/16/2018,0.73,First Class,Truck,Bad,3
66975-354,16590-244,2924,3924,2,84730.82,7/8/2018,9/16/2018,0.75,Standard Class,Truck,Very Good,3
43598-316,16590-987,1015,4852,1,95061.18,8/13/2018,9/17/2018,0.74,Standard Class,Air,Bad,3
68788-0046,0268-0030,1656,4614,2,90061.03,8/14/2018,9/18/2018,0.62,Second Class,Truck,Okay,3
36987-2115,54868-6253,1576,4671,2,70228.82,8/15/2018,9/19/2018,0.6,Standard Class,Truck,Very Good,3
11822-0580,65811-0001,2035,4889,2,94778.54,8/16/2018,9/20/2018,0.71,Standard Class,Air,Good,3
42043-251,58411-135,1351,4714,1,96824.49,8/16/2018,9/20/2018,0.75,Second Class,Air,Okay,3
47335-924,59746-383,3927,4705,2,89372.28,8/16/2018,9/20/2018,0.66,Standard Class,Air,Okay,3
55154-2364,0173-0756,1696,4108,2,94491.14,8/16/2018,9/20/2018,0.74,First Class,Truck,Bad,3
55316-647,50988-176,2727,3687,1,76442.08,8/16/2018,9/20/2018,0.7,First Class,Truck,Very Good,3
67234-014,33992-0100,2255,4243,2,81948.28,8/16/2018,9/20/2018,0.8,Standard Class,Air,Good,3
52376-036,0904-5980,1783,3820,1,77630.78,8/17/2018,9/21/2018,0.65,Standard Class,Air,Very Good,3
42254-168,51141-5000,2880,4092,1,75926.78,8/19/2018,9/23/2018,0.75,First Class,Air,Very Good,3
52959-737,42411-043,1940,4494,1,75231.6,8/19/2018,9/23/2018,0.64,Same Day,Truck,Good,3
55154-5472,10586-9102,1247,3646,2,99557.84,8/19/2018,9/23/2018,0.67,First Class,Truck,Good,3
64092-802,67457-483,2090,4119,2,73797.53,8/19/2018,9/23/2018,0.77,Second Class,Air,Very Good,3
49999-192,52533-080,3556,4117,2,98611.79,8/20/2018,9/24/2018,0.69,Second Class,Truck,Okay,3
98132-2132,63044-203,3384,3524,1,93811.03,8/20/2018,9/24/2018,0.78,Standard Class,Truck,Very Bad,3
0173-0453,61328-001,1416,4281,1,79549.75,8/21/2018,9/25/2018,0.67,Same Day,Truck,Good,3
0187-2615,11564-003,3592,4878,1,77755.58,8/21/2018,9/25/2018,0.77,Same Day,Truck,Very Good,3
0085-1110,54868-6162,3540,3681,2,93837.13,8/22/2018,9/26/2018,0.7,Same Day,Truck,Okay,3
61722-002,52380-3101,3816,4987,2,75262.78,8/23/2018,9/27/2018,0.65,First Class,Air,Very Bad,3
63629-4582,68387-695,2646,3686,1,96373.59,8/23/2018,9/27/2018,0.65,Second Class,Truck,Good,3
52959-655,0781-5949,2026,3608,1,83931.75,8/24/2018,9/28/2018,0.71,Standard Class,Truck,Bad,3
59535-4311,41163-603,2965,4912,1,71478.22,8/24/2018,9/28/2018,0.73,Same Day,Truck,Very Bad,3
0378-1150,55289-531,3358,4522,1,79288.71,8/25/2018,9/29/2018,0.8,Same Day,Air,Okay,3
59630-574,52125-866,2243,3736,2,89866.09,8/25/2018,9/29/2018,0.68,Second Class,Truck,Good,3
50436-0165,12634-537,3767,4940,2,92408.66,8/26/2018,9/30/2018,0.71,First Class,Truck,Okay,3
10191-1829,42549-604,3604,4874,1,96617.38,8/27/2018,10/10/2018,0.75,First Class,Air,Very Bad,3
53489-176,0093-5517,3340,4836,1,90018.2,8/27/2018,11/11/2018,0.76,First Class,Truck,Very Bad,3
55289-410,37205-458,3089,4971,2,94604.04,8/27/2018,1/4/2019,0.7,Same Day,Air,Very Bad,3
17856-5180,49778-001,1343,4689,1,82167.85,8/28/2018,10/10/2018,0.6,Standard Class,Truck,Very Bad,3
51141-3771,24571-111,2732,4087,2,89425.62,8/28/2018,10/10/2018,0.75,First Class,Truck,Bad,3
51991-192,42851-152,2931,4271,2,78069.68,8/28/2018,10/10/2018,0.67,Standard Class,Air,Bad,3
52747-902,0310-0282,3831,4803,1,85460.84,8/28/2018,10/10/2018,0.65,Standard Class,Air,Okay,3
52376-021,42507-374,1240,3869,1,91388.35,8/29/2018,11/10/2018,0.78,Standard Class,Air,Good,3
56062-288,54118-7188,3162,3580,2,89620.24,8/29/2018,11/10/2018,0.71,Second Class,Truck,Bad,3
63629-1398,36987-3322,2062,3694,2,79547.17,8/29/2018,11/10/2018,0.73,Same Day,Air,Very Bad,3
0955-1041,0069-6001,2560,3715,1,71600.87,8/30/2018,12/10/2019,0.69,Standard Class,Air,Okay,3
370260-410,36987-2265,1258,4316,1,93048.36,8/30/2018,12/10/2019,0.75,Same Day,Air,Very Good,3
53329-060,0143-9856,3463,4024,1,87764.83,8/30/2018,12/10/2019,0.71,Same Day,Air,Good,3
37012-845,36987-2932,1739,4442,1,76963.53,8/31/2018,11/10/2018,0.67,Same Day,Truck,Bad,3
49288-0231,0781-6523,2628,3610,2,82949.91,7/9/2018,12/10/2019,0.62,Same Day,Air,Good,3
49781-100,13913-011,2069,3532,2,71907.75,8/9/2018,12/10/2019,0.68,Second Class,Truck,Okay,3
55154-4179,0781-2195,2902,3622,2,84306.57,9/9/2018,12/10/2019,0.63,Same Day,Truck,Very Bad,3
61767-306,63629-1605,2067,4177,1,88672.42,7/9/2018,12/10/2019,0.7,First Class,Air,Good,3
11084-704,36987-1048,2377,3612,2,73435.32,7/9/2018,7/10/2018,0.74,First Class,Air,Bad,3
13107-020,66854-024,1793,4287,1,99226.94,7/9/2018,7/10/2018,0.62,First Class,Truck,Bad,3
58276-015,49348-934,2415,3857,2,96522.72,7/9/2018,7/10/2018,0.67,Same Day,Truck,Bad,3
68828-067,41163-120,3505,4237,2,70830.91,7/9/2018,7/10/2018,0.79,Standard Class,Truck,Very Good,3
10631-093,0363-0657,2764,3823,1,86399.57,8/9/2018,8/10/2018,0.69,First Class,Truck,Bad,3
0054-8528,0904-6191,2480,4877,1,79570.98,9/9/2018,9/10/2018,0.73,First Class,Air,Okay,3
43742-0087,54868-1590,1908,3852,1,82955.73,9/9/2018,9/10/2018,0.63,First Class,Air,Okay,3
68084-375,33992-4948,2991,4265,2,91758.71,7/9/2018,10/10/2018,0.76,Same Day,Truck,Good,3
36987-3308,51655-189,3998,3613,1,87951.96,7/9/2018,11/10/2018,0.67,Second Class,Air,Bad,3
57520-0781,68428-740,1192,3876,2,97850.07,7/9/2018,11/10/2018,0.67,First Class,Air,Very Bad,3
58118-1342,63730-292,2582,3620,1,89114.75,7/9/2018,11/10/2018,0.73,Standard Class,Air,Very Bad,3
53808-0748,55312-160,3574,4766,1,94688.39,7/9/2018,12/10/2019,0.72,Standard Class,Air,Bad,3
0363-0563,0172-3762,1899,4274,2,95153.78,8/9/2018,10/13/2018,0.76,Same Day,Truck,Good,3
0591-2467,46994-329,3279,4886,1,78808.2,8/9/2018,10/13/2018,0.7,Same Day,Truck,Bad,3
33261-150,52959-579,1689,4306,2,99931.57,8/9/2018,10/13/2018,0.62,Second Class,Air,Okay,3
55728-001,43596-0011,2451,4761,1,75286.36,8/9/2018,10/13/2018,0.66,First Class,Air,Very Bad,3
44911-0082,0703-9258,1915,3878,1,80888.4,9/9/2018,10/14/2018,0.7,Second Class,Air,Good,3
0603-4467,0472-0166,1420,3941,2,72422.29,9/9/2018,10/15/2018,0.77,Same Day,Air,Very Good,3
52125-576,0378-0345,2123,4995,1,79592.41,9/9/2018,10/15/2018,0.71,First Class,Air,Okay,3
55910-975,15828-106,2664,4161,2,88926.42,9/9/2018,10/15/2018,0.63,Standard Class,Air,Okay,3
43742-0175,13537-503,1364,4543,1,72484.45,8/9/2018,10/16/2018,0.71,First Class,Air,Very Good,3
60505-0166,36987-2288,2493,4455,2,75290.11,8/9/2018,10/16/2018,0.77,Second Class,Air,Very Good,3
43772-0003,49671-002,3471,3573,2,95276.24,7/9/2018,10/17/2018,0.69,Standard Class,Air,Okay,3
0268-0282,68151-4021,3870,4227,2,97779.66,9/13/2018,10/18/2018,0.64,Standard Class,Air,Very Good,3
0573-1915,0187-1221,3705,4182,2,70711.08,9/13/2018,10/18/2018,0.69,Standard Class,Air,Very Bad,3
51621-038,20276-433,2675,4204,1,99112.14,9/13/2018,10/18/2018,0.78,Same Day,Air,Bad,3
52993-125,68788-9942,3597,4847,1,96640.84,9/13/2018,10/18/2018,0.75,First Class,Truck,Very Bad,3
41520-678,63029-633,2455,3753,1,77034.04,9/14/2018,10/19/2018,0.67,Same Day,Air,Very Bad,3
0904-0304,45963-538,3973,4863,2,83014.95,9/15/2018,10/20/2018,0.6,Same Day,Truck,Very Good,3
0245-0036,67510-0026,1555,4514,1,96269.37,9/16/2018,10/21/2018,0.8,First Class,Air,Okay,3
49349-284,68647-193,2224,4636,2,92642.04,9/16/2018,10/21/2018,0.7,Standard Class,Air,Good,3
65121-885,0781-3315,1608,4610,1,96754.84,9/16/2018,10/21/2018,0.64,Standard Class,Truck,Very Bad,3
37808-476,68472-132,1566,4571,2,89391.63,9/17/2018,10/22/2018,0.61,Same Day,Air,Very Good,3
10738-303,36987-1806,2870,3764,2,87541.4,9/18/2018,10/23/2018,0.77,Second Class,Truck,Bad,3
11344-919,55154-5676,1643,4038,1,94673.72,9/18/2018,10/23/2018,0.69,Same Day,Air,Good,3
36987-3015,11559-729,3280,4645,1,98764.56,9/18/2018,10/23/2018,0.67,Standard Class,Air,Okay,3
49517-0001,64735-050,2168,3633,2,87470.55,9/19/2018,10/24/2018,0.67,First Class,Air,Okay,3
67457-198,64117-293,2210,3702,1,90645,9/19/2018,10/24/2018,0.69,Standard Class,Air,Okay,3
50580-778,55714-4401,2404,3718,2,91223.53,9/20/2018,10/25/2018,0.76,First Class,Air,Bad,3
63629-1792,36987-1206,1778,3964,2,90356.84,9/20/2018,10/25/2018,0.6,First Class,Truck,Very Good,3
64117-136,66336-099,3306,4560,2,72571.11,9/20/2018,10/25/2018,0.69,Standard Class,Truck,Good,3
21695-572,43269-612,2815,4282,1,73585.47,9/21/2018,10/26/2018,0.8,Standard Class,Truck,Good,3
41250-037,37000-587,2695,3542,2,93732.39,9/22/2018,10/27/2018,0.7,First Class,Air,Okay,3
75887-003,52959-009,3708,4894,2,79223.74,9/22/2018,10/27/2018,0.66,Second Class,Air,Very Bad,3
0378-1045,55154-6127,2236,4717,2,97675.46,9/23/2018,10/28/2018,0.67,Second Class,Air,Bad,3
63824-271,53499-0390,1230,4062,1,77911.47,9/23/2018,10/28/2018,0.65,Second Class,Truck,Very Bad,3
51386-400,52125-357,2859,4867,1,78929.89,9/24/2018,10/29/2018,0.61,Second Class,Air,Very Bad,3
53329-019,55648-953,1677,3570,2,77213.34,9/24/2018,10/29/2018,0.77,Same Day,Truck,Good,3
54738-908,23155-014,3614,4215,1,84956.81,9/24/2018,10/29/2018,0.7,Standard Class,Truck,Good,3
60681-1001,49738-081,2969,4148,2,97057.29,9/24/2018,10/29/2018,0.66,First Class,Air,Very Bad,3
65862-156,49349-872,2677,4676,1,98956.34,9/24/2018,10/29/2018,0.72,Second Class,Air,Good,3
54868-3157,37808-437,1683,3991,2,94660.91,9/25/2018,10/30/2018,0.75,First Class,Air,Bad,3
55154-5128,61722-060,2372,4457,1,78919.14,9/25/2018,10/30/2018,0.78,Same Day,Air,Bad,3
57955-2311,63629-1468,3315,4559,1,91507.15,9/25/2018,10/30/2018,0.72,Standard Class,Air,Very Good,3
61957-0001,62932-144,2437,3748,2,99376.55,9/25/2018,10/30/2018,0.63,First Class,Air,Bad,3
64127-085,0299-5980,3429,4355,2,88589.3,9/25/2018,10/30/2018,0.77,Standard Class,Truck,Very Bad,3
0904-5721,52125-632,2626,4593,1,83183.99,9/26/2018,10/31/2018,0.64,Second Class,Truck,Bad,3
67938-2009,0378-7185,3449,4887,1,83193.43,9/26/2018,10/31/2018,0.76,Second Class,Truck,Very Bad,3
49035-150,43063-051,1154,4844,1,85158.51,9/27/2018,12/11/2019,0.76,First Class,Truck,Good,3
52244-010,0362-9011,1750,4432,1,91177.01,9/29/2018,11/11/2018,0.66,First Class,Air,Okay,3
68546-325,63565-0001,2245,4924,1,96979.12,9/29/2018,11/11/2018,0.6,Same Day,Truck,Okay,3
16590-301,0536-4086,3053,4310,2,70988.1,9/30/2018,12/11/2019,0.79,Second Class,Air,Very Bad,3
0998-0408,60916-002,2529,4861,1,63639.09,11/10/2018,5/5/2019,0.48,First Class,Air,Bad,4
31720-208,55714-4426,2879,4040,2,77247.639,12/10/2018,5/5/2019,0.5,First Class,Air,Good,4
52125-805,66479-581,1734,4665,2,82137.51,10/10/2018,5/5/2019,0.52,Same Day,Air,Okay,4
0019-0862,68151-1471,2849,3603,2,85151.493,11/10/2018,5/5/2019,0.73,Standard Class,Air,Okay,4
36987-1044,49349-991,2499,4623,2,63071.397,11/10/2018,5/5/2019,0.61,Standard Class,Air,Very Bad,4
42998-402,61727-303,2273,3609,2,82539.387,10/10/2018,6/5/2019,0.73,Second Class,Air,Very Good,4
52083-601,0268-0807,3731,4398,1,68580.891,10/10/2018,6/5/2019,0.72,First Class,Truck,Okay,4
57237-101,0517-0033,3953,4414,1,76450.23,10/10/2018,6/5/2019,0.5,Same Day,Air,Very Bad,4
44911-0014,0363-9170,1312,3551,1,84462.579,10/10/2018,6/5/2019,0.72,Standard Class,Truck,Okay,4
49288-0368,0113-0277,1199,4578,2,84189.852,10/10/2018,6/5/2019,0.78,Standard Class,Truck,Very Good,4
65044-1060,51918-1001,2382,4709,2,89129.574,10/10/2018,6/5/2019,0.69,Second Class,Truck,Bad,4
68462-205,0555-1056,1237,4505,2,84301.542,10/10/2018,7/5/2019,0.66,Second Class,Air,Very Good,4
76340-9001,0268-0654,3379,4742,2,72309.744,10/10/2018,7/5/2019,0.6,Same Day,Truck,Okay,4
0135-0525,0085-1132,1738,4663,1,86912.604,11/10/2018,2/5/2019,0.72,Second Class,Truck,Okay,4
53208-447,0409-1163,1733,4660,2,69064.029,11/10/2018,5/5/2019,0.76,Standard Class,Truck,Very Bad,4
54575-415,60505-2640,1829,3995,1,86122.971,11/10/2018,5/5/2019,0.54,Standard Class,Air,Okay,4
63830-221,64205-101,1748,3969,1,66053.934,11/10/2018,5/5/2019,0.49,Same Day,Truck,Very Bad,4
66336-135,41268-441,2157,4696,1,72715.842,11/10/2018,5/5/2019,0.58,First Class,Truck,Bad,4
55154-1391,68645-320,2235,3813,1,81104.436,11/10/2018,3/5/2019,0.62,First Class,Air,Very Bad,4
55312-053,52584-950,2269,4064,2,66522.528,11/10/2018,3/5/2019,0.48,Second Class,Truck,Very Bad,4
36987-1216,59351-0333,2174,3735,1,83160.9,11/10/2018,3/5/2019,0.76,Standard Class,Air,Very Bad,4
68737-226,0409-3213,1635,3561,1,80695.935,11/10/2018,3/5/2019,0.65,Standard Class,Truck,Bad,4
76069-100,22431-582,3175,4804,2,63980.757,12/10/2018,5/5/2019,0.48,Second Class,Truck,Very Good,4
54868-0268,54295-307,3007,4136,2,80467.587,12/10/2018,6/5/2019,0.51,Standard Class,Truck,Very Good,4
58232-0016,76439-218,1385,3535,2,76835.646,12/10/2018,6/5/2019,0.75,Standard Class,Air,Bad,4
0049-0032,60429-028,2370,4762,2,63492.66,11/10/2018,5/13/2019,0.74,Same Day,Truck,Bad,4
11822-2683,30142-104,2199,4397,2,78946.686,11/10/2018,5/13/2019,0.61,Standard Class,Truck,Bad,4
51386-500,48951-1066,1945,4188,2,68572.674,11/10/2018,5/13/2019,0.57,First Class,Air,Very Bad,4
55289-720,43353-754,1957,4501,1,86541.813,10/10/2018,5/14/2019,0.64,Same Day,Truck,Very Bad,4
60429-509,43419-380,1353,4568,2,81483.003,10/10/2018,5/14/2019,0.5,Same Day,Truck,Very Bad,4
47682-502,55655-121,2176,4827,1,87972.948,10/10/2018,5/14/2019,0.69,Standard Class,Air,Bad,4
55910-014,0220-9324,1189,4430,1,89110.395,10/10/2018,5/14/2019,0.73,First Class,Air,Okay,4
61328-001,61919-992,3926,4652,2,88938.675,10/10/2018,5/14/2019,0.76,Second Class,Air,Bad,4
61748-017,76519-1017,1642,4710,2,85923.162,10/10/2018,5/14/2019,0.68,Second Class,Air,Okay,4
65663-019,0555-9027,1302,3988,1,82418.805,11/10/2018,5/15/2019,0.55,Second Class,Air,Okay,4
68016-213,0517-7630,1564,3670,2,68516.694,11/10/2018,5/15/2019,0.58,First Class,Air,Okay,4
44929-001,10337-332,2284,4685,2,81672.84,11/10/2018,5/15/2019,0.63,Same Day,Truck,Bad,4
49404-204,21695-215,3524,4359,1,67475.466,12/10/2018,5/16/2019,0.63,Same Day,Air,Very Bad,4
52125-574,51672-1271,3868,3517,1,75705.813,10/13/2018,5/17/2019,0.54,Same Day,Air,Very Bad,4
59667-0103,0115-1232,2927,3842,1,71896.716,10/13/2018,5/17/2019,0.71,First Class,Truck,Very Bad,4
65862-155,49288-0826,1938,4944,2,78921.765,10/13/2018,5/17/2019,0.72,Standard Class,Truck,Okay,4
0781-5526,36987-2014,3517,4950,2,80583.12,10/13/2018,5/17/2019,0.73,First Class,Truck,Bad,4
43063-354,58668-4281,1494,3540,2,72735.408,10/13/2018,5/17/2019,0.67,Same Day,Truck,Okay,4
75847-9001,50268-688,1384,4832,1,83167.38,10/16/2018,5/20/2019,0.52,Same Day,Truck,Very Good,4
10122-321,53305-074,2599,4790,1,82516.41,10/16/2018,5/20/2019,0.68,Same Day,Truck,Very Good,4
36987-1599,36800-523,2999,3701,1,82345.221,10/17/2018,5/21/2019,0.68,Second Class,Truck,Very Bad,4
49999-059,57664-203,1030,4638,2,74606.211,10/18/2018,5/22/2019,0.72,Standard Class,Air,Good,4
49999-885,43269-780,2730,4371,2,76320.594,10/18/2018,5/22/2019,0.66,Standard Class,Air,Very Bad,4
52380-0540,0283-0679,1982,4736,2,76184.892,10/18/2018,5/22/2019,0.71,Standard Class,Air,Very Good,4
53389-100,68016-526,3136,3999,2,81410.022,10/19/2018,5/23/2019,0.52,Second Class,Truck,Very Bad,4
0268-6638,59054-140,3097,4789,2,83265.003,10/19/2018,5/23/2019,0.65,Same Day,Air,Bad,4
43269-694,59779-349,2143,3567,2,79861.572,10/19/2018,5/23/2019,0.57,First Class,Truck,Very Bad,4
54473-231,21695-015,1960,3566,2,76307.778,10/19/2018,5/23/2019,0.59,Same Day,Air,Very Bad,4
54868-0262,57520-0203,2889,4615,2,82684.305,10/19/2018,5/23/2019,0.49,First Class,Truck,Bad,4
50730-5101,55154-6754,3063,4743,2,66058.956,10/19/2018,5/23/2019,0.53,Same Day,Truck,Good,4
55111-565,68472-072,1948,3667,1,67466.637,10/20/2018,5/24/2019,0.67,Standard Class,Air,Very Good,4
56062-516,98132-710,3578,3530,2,63942.057,10/20/2018,5/24/2019,0.63,Second Class,Truck,Bad,4
0378-1160,49349-952,3356,4778,1,65907.09,10/23/2018,5/27/2019,0.65,Second Class,Truck,Bad,4
50580-134,14783-099,2416,4097,2,68917.923,10/23/2018,5/27/2019,0.62,Same Day,Truck,Very Bad,4
0093-8232,0615-7662,2930,3946,2,87037.2,10/23/2018,5/27/2019,0.49,Same Day,Truck,Okay,4
10544-227,68151-1174,2973,4440,2,71433.351,10/23/2018,5/27/2019,0.61,Standard Class,Air,Good,4
33261-082,0363-1005,2100,4449,2,86124.195,10/24/2018,5/28/2019,0.56,First Class,Air,Very Bad,4
49348-553,11584-1060,2251,4217,2,63033.777,10/24/2018,5/28/2019,0.63,Standard Class,Air,Very Good,4
52000-000,17478-792,3402,4919,2,84642.417,10/25/2018,5/29/2019,0.56,First Class,Truck,Good,4
0440-1481,68647-167,2528,3818,2,76122.882,10/25/2018,5/29/2019,0.49,First Class,Air,Okay,4
43742-0344,64117-150,2298,3659,2,84496.995,10/25/2018,5/29/2019,0.77,Second Class,Truck,Bad,4
49288-0588,63539-5195,1443,3711,2,65233.152,10/25/2018,5/29/2019,0.61,Standard Class,Air,Very Bad,4
54458-916,51079-575,3733,4759,2,69921.972,10/25/2018,5/29/2019,0.56,First Class,Air,Very Bad,4
65044-2042,64159-6989,2441,4622,2,67393.926,10/25/2018,5/29/2019,0.77,First Class,Truck,Very Bad,4
57955-8315,54799-504,2679,4396,1,63302.4,10/26/2018,5/30/2019,0.57,First Class,Air,Good,4
59262-601,54868-4250,3629,3678,1,84779.514,10/26/2018,5/30/2019,0.78,Same Day,Truck,Bad,4
0395-1213,49349-677,2318,4741,1,72304.02,10/26/2018,5/30/2019,0.6,Second Class,Truck,Bad,4
58232-0749,69152-0078,3149,4590,1,73965.204,10/27/2018,1/6/2019,0.67,Same Day,Air,Bad,4
63629-2882,63323-117,2073,3725,2,69403.689,10/27/2018,1/6/2019,0.54,Second Class,Air,Okay,4
0004-0259,11673-067,3712,4925,1,78679.566,10/28/2018,2/6/2019,0.52,Same Day,Truck,Bad,4
16864-002,55154-8252,1373,4211,1,68608.35,10/28/2018,2/6/2019,0.72,Same Day,Air,Very Bad,4
48433-311,63739-805,2159,4206,1,73575.72,10/29/2018,3/6/2019,0.7,First Class,Truck,Bad,4
49884-463,31190-500,3935,4980,1,79363.62,10/29/2018,3/6/2019,0.56,Standard Class,Air,Bad,4
59746-177,68001-215,3267,4016,2,87936.624,10/29/2018,3/6/2019,0.63,Same Day,Truck,Very Bad,4
36987-3350,45802-770,3539,4824,2,85538.07,10/30/2018,4/6/2019,0.54,Standard Class,Air,Bad,4
13537-254,65044-2320,3479,3891,2,80657.73,10/30/2018,4/6/2019,0.66,Same Day,Air,Bad,4
44523-603,11822-6101,2124,4267,2,75467.574,10/30/2018,4/6/2019,0.78,Second Class,Air,Okay,4
66467-3740,68405-014,1921,4871,1,70528.59,10/30/2018,4/6/2019,0.7,Standard Class,Truck,Very Bad,4
0013-2651,36987-3061,1718,4214,2,73071.882,10/31/2018,5/6/2019,0.58,First Class,Air,Okay,4
13537-171,60319-2001,3885,3632,2,65180.43,10/31/2018,5/6/2019,0.76,Second Class,Truck,Okay,4
14783-438,55711-066,3397,4434,1,82252.917,10/31/2018,5/6/2019,0.76,Standard Class,Truck,Very Bad,4
25010-215,43269-669,2665,4005,1,65155.275,12/11/2018,6/6/2019,0.52,Same Day,Truck,Bad,4
27505-002,43857-0238,1448,4273,2,88409.952,12/11/2018,6/6/2019,0.74,Standard Class,Truck,Very Bad,4
52164-1105,43063-024,3959,4903,2,65508.696,10/11/2018,2/6/2019,0.78,Same Day,Truck,Very Bad,4
55154-5705,36987-2202,3113,3846,2,79972.902,11/11/2018,5/6/2019,0.75,Second Class,Air,Very Bad,4
63395-201,54868-6220,3987,4555,2,71698.158,11/11/2018,5/6/2019,0.56,Same Day,Truck,Okay,4
64942-1160,51079-086,1313,4511,2,82402.848,11/11/2018,5/6/2019,0.56,Second Class,Air,Okay,4
68258-7980,11822-0450,1138,4163,2,83040.021,11/11/2018,5/6/2019,0.53,First Class,Truck,Okay,4
76113-012,0456-0095,3233,3773,1,66811.914,11/11/2018,5/6/2019,0.71,Same Day,Air,Bad,4
14783-434,13537-113,1993,3793,1,89603.784,11/11/2018,3/6/2019,0.74,Standard Class,Air,Very Bad,4
49614-228,59011-444,1391,3884,2,83228.706,11/11/2018,3/6/2019,0.69,Standard Class,Truck,Bad,4
64942-1096,10096-0181,3575,4830,1,78694.92,11/11/2018,3/6/2019,0.67,Standard Class,Air,Okay,4
58118-0017,55700-020,1042,3870,1,89057.178,11/11/2018,5/6/2019,0.76,Standard Class,Air,Very Bad,4
61601-1127,49778-002,1765,4256,1,76438.53,11/11/2018,5/6/2019,0.76,Second Class,Air,Bad,4
13668-344,0781-5527,1212,4834,2,70598.799,11/11/2018,5/6/2019,0.76,Same Day,Air,Bad,4
36987-1664,11673-027,1181,4219,1,81725.607,12/11/2018,6/6/2019,0.66,First Class,Truck,Bad,4
54973-0617,55154-2431,2674,4391,2,64395.918,12/11/2018,6/13/2019,0.69,First Class,Truck,Very Bad,4
59067-001,68382-795,3942,4625,2,86097.366,12/11/2018,6/13/2019,0.57,Second Class,Truck,Very Bad,4
62011-0140,36987-2245,1889,4022,2,85539.222,12/11/2018,6/13/2019,0.73,Second Class,Truck,Okay,4
68788-9841,53489-590,3142,3578,1,84408.219,11/11/2018,6/14/2019,0.64,Same Day,Air,Very Bad,4
11716-0003,66497-0001,1072,4373,1,83945.106,10/11/2018,6/15/2019,0.58,Second Class,Air,Good,4
41250-829,68788-9203,3676,4621,1,80333.991,11/11/2018,6/16/2019,0.67,First Class,Truck,Very Good,4
76439-142,68258-6100,2968,3907,1,82628.838,11/11/2018,6/16/2019,0.49,First Class,Truck,Okay,4
63402-515,59062-1227,1604,3743,1,66494.115,11/11/2018,6/16/2019,0.49,Second Class,Truck,Very Bad,4
11822-0442,0067-6045,3936,3890,2,73916.676,11/11/2018,6/16/2019,0.51,Same Day,Air,Good,4
30142-198,59779-600,3232,4702,2,73219.104,11/11/2018,6/16/2019,0.48,First Class,Air,Bad,4
50458-178,11716-8653,3095,4365,2,76409.154,12/11/2018,6/17/2019,0.61,Same Day,Truck,Very Bad,4
68428-112,49288-0302,1597,4248,2,68938.677,12/11/2018,6/17/2019,0.58,First Class,Truck,Okay,4
75987-021,76433-002,3435,4914,1,84617.298,12/11/2018,6/17/2019,0.69,Second Class,Air,Okay,4
66467-9730,42507-944,3326,3896,2,69437.655,12/11/2018,6/17/2019,0.55,Second Class,Truck,Bad,4
0603-2213,57520-0401,2768,3653,2,78928.155,12/11/2018,6/17/2019,0.76,Same Day,Truck,Very Bad,4
0517-0725,36987-1348,1801,4198,1,82277.424,12/11/2018,6/17/2019,0.54,First Class,Truck,Very Good,4
49349-015,50268-453,2982,3775,2,85228.758,12/11/2018,6/17/2019,0.75,Second Class,Air,Very Good,4
55154-9429,68752-025,2045,3581,2,78367.203,11/13/2018,6/18/2019,0.72,Same Day,Truck,Bad,4
63736-918,0268-6699,2487,4882,2,87077.493,11/13/2018,6/18/2019,0.66,Standard Class,Truck,Very Bad,4
68788-0686,53603-1006,3331,4360,1,82328.013,11/14/2018,6/19/2019,0.71,Standard Class,Truck,Very Bad,4
25021-117,58214-100,2537,3802,1,86636.889,11/14/2018,6/19/2019,0.52,Second Class,Truck,Okay,4
54416-005,64679-273,1220,4799,1,75211.524,11/14/2018,6/19/2019,0.74,Standard Class,Truck,Okay,4
0093-0173,15127-550,3436,3658,1,80829.054,11/15/2018,6/20/2019,0.78,First Class,Air,Good,4
48951-6044,52125-595,3638,4392,2,63497.457,11/15/2018,6/20/2019,0.62,Same Day,Air,Bad,4
55758-005,36987-2585,3004,4746,1,63713.817,11/16/2018,6/21/2019,0.7,First Class,Truck,Bad,4
10742-8368,0002-4465,3921,3986,1,71816.157,11/16/2018,6/21/2019,0.63,Same Day,Air,Bad,4
60709-101,50742-152,1717,4329,1,69237.108,11/17/2018,6/22/2019,0.55,Standard Class,Air,Very Bad,4
64536-1269,68151-0329,2852,4139,2,73912.644,11/17/2018,6/22/2019,0.59,First Class,Truck,Very Bad,4
12830-739,54868-6090,1156,4363,2,63130.581,11/17/2018,6/22/2019,0.77,Standard Class,Air,Bad,4
0462-0395,0065-0643,1096,4773,1,67492.557,11/18/2018,6/23/2019,0.54,Standard Class,Truck,Very Bad,4
53808-0369,0699-7051,1214,3509,1,83682.333,11/18/2018,6/23/2019,0.61,Standard Class,Truck,Okay,4
0832-1072,57664-229,2708,4606,1,64409.544,11/18/2018,6/23/2019,0.69,Same Day,Truck,Very Bad,4
55648-967,67692-148,2051,3971,1,77445.315,11/18/2018,6/23/2019,0.64,Standard Class,Truck,Bad,4
53057-010,59762-6722,3649,4300,2,68718.708,11/19/2018,6/24/2019,0.69,Same Day,Truck,Bad,4
55319-107,37808-230,3929,3759,1,79185.006,11/19/2018,6/24/2019,0.73,First Class,Truck,Bad,4
64455-994,64117-252,3211,4044,1,76515.111,11/20/2018,6/25/2019,0.75,Second Class,Truck,Very Bad,4
68788-9777,34645-4001,1731,3665,2,86716.116,11/20/2018,6/25/2019,0.56,First Class,Truck,Bad,4
54868-4850,21695-285,1633,4917,1,69940.746,11/20/2018,6/25/2019,0.72,First Class,Truck,Very Bad,4
63323-127,51655-102,1198,3538,1,71693.379,11/20/2018,6/25/2019,0.52,Same Day,Truck,Very Bad,4
51672-1293,0378-0145,2960,3719,1,77683.239,11/21/2018,6/26/2019,0.77,Standard Class,Air,Bad,4
54569-0355,10019-035,3700,4242,1,64079.415,11/21/2018,6/26/2019,0.69,Standard Class,Air,Bad,4
0781-2693,41520-981,2115,4120,2,84665.187,11/23/2018,6/28/2019,0.71,First Class,Air,Bad,4
0781-9404,51386-300,2987,4601,2,74223.585,11/24/2018,6/29/2019,0.69,Second Class,Air,Okay,4
36987-1842,22700-143,3808,4234,2,82072.017,11/24/2018,6/29/2019,0.57,Same Day,Air,Bad,4
50419-409,49349-381,3152,3940,2,63295.92,11/24/2018,6/29/2019,0.54,First Class,Air,Bad,4
50436-6046,75904-3343,3869,3522,2,82335.348,12/24/2018,4/30/2019,0.52,First Class,Truck,Very Bad,4
52125-266,68084-713,1824,3699,1,82296.459,12/13/2018,6/22/2019,0.66,Standard Class,Air,Very Bad,4
52731-7023,53746-102,3886,4031,2,79957.539,11/26/2018,6/23/2019,0.73,Second Class,Air,Bad,4
55714-2205,62499-395,3197,4415,1,81267.696,11/27/2018,1/1/2019,0.66,Standard Class,Air,Very Bad,4
67046-231,16590-036,1954,3586,1,87676.677,11/27/2018,1/1/2019,0.78,First Class,Truck,Very Bad,4
55154-5896,36987-2079,3766,3814,1,63741.501,11/27/2018,1/1/2019,0.71,Standard Class,Truck,Bad,4
59779-169,51143-213,2704,3917,2,84583.494,11/27/2018,1/1/2019,0.64,Same Day,Air,Very Bad,4
0002-7502,0409-7139,3804,4680,1,72762.147,11/27/2018,1/1/2019,0.67,Standard Class,Truck,Very Bad,4
0280-6091,51060-009,2770,3660,2,89439.84,11/27/2018,1/1/2019,0.49,Second Class,Air,Bad,4
0363-0459,37000-352,2974,3546,2,68270.742,11/27/2018,1/1/2019,0.56,First Class,Air,Very Bad,4
0591-5621,60505-0265,1045,4010,2,69757.578,11/28/2018,2/1/2019,0.68,Second Class,Air,Bad,4
49035-176,0781-5608,2796,4967,1,78498.972,11/28/2018,2/1/2019,0.58,Same Day,Air,Okay,4
54569-2933,67046-806,2152,4774,1,86201.775,11/28/2018,2/1/2019,0.69,Same Day,Air,Very Bad,4
55150-119,51655-096,2908,4784,1,63115.776,11/29/2018,3/1/2019,0.75,Same Day,Truck,Good,4
55648-787,65691-0105,1427,4330,1,74438.82,11/29/2018,3/1/2019,0.48,First Class,Truck,Very Bad,4
64117-211,25021-656,3533,3557,2,85261.842,11/30/2018,4/1/2019,0.71,Second Class,Truck,Very Bad,4
68770-120,69152-0006,2907,4077,2,66926.061,11/30/2018,4/1/2019,0.68,Second Class,Air,Very Bad,4
69097-148,57337-061,2082,4820,2,72671.688,11/30/2018,4/1/2019,0.6,Same Day,Air,Okay,4
36987-1963,0781-5385,2046,3975,1,69646.086,11/30/2018,4/1/2019,0.55,Same Day,Air,Good,4
37000-233,11673-383,1068,4276,1,85584.492,11/30/2018,4/1/2019,0.67,Second Class,Truck,Bad,4
55154-5102,63629-4730,3693,4608,2,72537.507,11/30/2018,4/1/2019,0.5,First Class,Truck,Bad,4
0178-0490,68151-2871,3186,3668,2,89001.891,10/12/2018,5/1/2019,0.58,First Class,Air,Good,4
0440-8505,54340-779,1187,4002,2,85604.067,10/12/2018,5/1/2019,0.63,Same Day,Air,Very Good,4
10424-152,51346-083,1117,3512,1,88856.595,10/12/2018,5/1/2019,0.76,First Class,Truck,Very Good,4
16590-609,0113-0973,1428,4049,1,83018.637,10/12/2018,6/1/2019,0.78,Standard Class,Air,Okay,4
53208-377,0409-0219,3086,4978,1,88108.929,10/12/2018,6/1/2019,0.68,Same Day,Truck,Very Bad,4
21695-678,54868-5607,3303,4048,1,64930.041,10/12/2018,7/1/2019,0.73,First Class,Air,Very Good,4
0603-2109,61010-5400,2169,4857,2,66557.511,10/12/2018,7/1/2019,0.53,Second Class,Truck,Good,4
0942-6459,36800-980,1005,4412,2,76208.211,10/12/2018,7/1/2019,0.52,Same Day,Air,Bad,4
10742-8152,0121-0772,1872,4517,1,70319.223,11/12/2018,2/1/2019,0.73,Second Class,Air,Very Good,4
36800-539,48951-7116,1479,3607,1,73677.519,11/12/2018,2/1/2019,0.71,Same Day,Truck,Bad,4
54568-0262,43063-087,1246,3568,2,78779.772,11/12/2018,2/1/2019,0.54,First Class,Air,Okay,4
0363-0311,0025-1851,3753,3738,1,70575.867,11/12/2018,2/1/2019,0.54,Second Class,Truck,Okay,4
0591-2805,13537-048,2481,4436,1,79344.828,11/12/2018,2/1/2019,0.59,Same Day,Truck,Very Bad,4
21624-001,23155-128,1467,4873,1,67564.773,11/12/2018,2/1/2019,0.71,First Class,Truck,Good,4
68788-0600,60681-2105,1328,4771,2,63498.213,11/12/2018,5/1/2019,0.49,Same Day,Air,Okay,4
68308-020,63629-4458,2248,4646,1,81553.302,11/12/2018,3/1/2019,0.65,Standard Class,Truck,Very Good,4
0049-4940,59078-039,2781,4893,1,85609.017,11/12/2018,3/1/2019,0.71,Same Day,Truck,Okay,4
50988-400,0168-0279,1992,4915,1,87334.803,12/12/2018,5/1/2019,0.67,Second Class,Air,Good,4
68180-181,55143-011,2162,4471,2,78386.643,12/12/2018,5/1/2019,0.61,Second Class,Air,Okay,4
13533-692,62932-142,3946,3503,2,73400.607,12/12/2018,5/1/2019,0.7,Second Class,Air,Okay,4
43063-438,48951-7053,3551,3928,1,73010.853,12/12/2018,5/1/2019,0.61,Standard Class,Truck,Good,4
52654-0004,0363-0443,2638,4788,2,76548.384,12/12/2018,5/1/2019,0.61,Same Day,Truck,Good,4
47593-363,0603-1384,3055,4334,2,79490.961,12/12/2018,5/1/2019,0.69,Same Day,Truck,Very Bad,4
49349-609,52125-365,2614,3955,1,66299.202,12/12/2018,6/1/2019,0.62,Standard Class,Truck,Good,4
49967-006,0904-5869,3179,3908,2,69666.903,12/12/2018,6/1/2019,0.63,First Class,Air,Good,4
50268-061,59115-056,1799,4039,1,72469.674,11/12/2018,1/13/2019,0.59,Standard Class,Truck,Good,4
60681-1005,57344-018,3966,3583,2,87315.363,10/12/2018,1/14/2019,0.77,Second Class,Truck,Bad,4
27437-203,0519-1357,3143,3984,2,86477.031,10/12/2018,1/14/2019,0.57,Second Class,Truck,Bad,4
24236-004,50300-010,3845,4253,2,89080.038,10/12/2018,1/14/2019,0.61,Same Day,Air,Very Good,4
43063-407,60429-323,2776,3618,1,82066.239,11/12/2018,1/15/2019,0.53,Second Class,Air,Bad,4
49527-013,54162-018,1522,3877,1,70166.367,11/12/2018,1/15/2019,0.75,Second Class,Truck,Bad,4
51393-6778,49283-511,3813,4288,2,82602.747,11/12/2018,1/15/2019,0.6,First Class,Truck,Very Good,4
